clave_externa,numero_empleado,periodo_desde,periodo_hasta,folios_viaje,concepto_clave,concepto,tipo,monto,total_sistema,moneda
SAP-LIQ-DEMO-0002-261018,DEMO-0002,2026-10-14,2026-10-18,INN-23180|INN-23105,P001,Pago por viaje (2),percepcion,7444.91,7714.12,MXN
SAP-LIQ-DEMO-0002-261018,DEMO-0002,2026-10-14,2026-10-18,INN-23180|INN-23105,P010,Bono de puntualidad,percepcion,300.00,7714.12,MXN
SAP-LIQ-DEMO-0002-261018,DEMO-0002,2026-10-14,2026-10-18,INN-23180|INN-23105,P020,Viáticos,percepcion,640.00,7714.12,MXN
SAP-LIQ-DEMO-0002-261018,DEMO-0002,2026-10-14,2026-10-18,INN-23180|INN-23105,D001,ISR retenido,deduccion,503.09,7714.12,MXN
SAP-LIQ-DEMO-0002-261018,DEMO-0002,2026-10-14,2026-10-18,INN-23180|INN-23105,D002,Cuota IMSS,deduccion,167.70,7714.12,MXN
SAP-LIQ-DEMO-0004-261018,DEMO-0004,2026-10-15,2026-10-18,INN-23053|INN-23141|INN-23238,P001,Pago por viaje (3),percepcion,10809.23,10827.70,MXN
SAP-LIQ-DEMO-0004-261018,DEMO-0004,2026-10-15,2026-10-18,INN-23053|INN-23141|INN-23238,P020,Viáticos,percepcion,960.00,10827.70,MXN
SAP-LIQ-DEMO-0004-261018,DEMO-0004,2026-10-15,2026-10-18,INN-23053|INN-23141|INN-23238,D001,ISR retenido,deduccion,706.15,10827.70,MXN
SAP-LIQ-DEMO-0004-261018,DEMO-0004,2026-10-15,2026-10-18,INN-23053|INN-23141|INN-23238,D002,Cuota IMSS,deduccion,235.38,10827.70,MXN
SAP-LIQ-DEMO-0005-261016,DEMO-0005,2026-10-16,2026-10-16,INN-23048,P001,Pago por viaje (1),percepcion,515.23,803.37,MXN
SAP-LIQ-DEMO-0005-261016,DEMO-0005,2026-10-16,2026-10-16,INN-23048,P010,Bono de puntualidad,percepcion,150.00,803.37,MXN
SAP-LIQ-DEMO-0005-261016,DEMO-0005,2026-10-16,2026-10-16,INN-23048,P020,Viáticos,percepcion,320.00,803.37,MXN
SAP-LIQ-DEMO-0005-261016,DEMO-0005,2026-10-16,2026-10-16,INN-23048,D001,ISR retenido,deduccion,59.11,803.37,MXN
SAP-LIQ-DEMO-0005-261016,DEMO-0005,2026-10-16,2026-10-16,INN-23048,D002,Cuota IMSS,deduccion,19.70,803.37,MXN
SAP-LIQ-DEMO-0005-261016,DEMO-0005,2026-10-16,2026-10-16,INN-23048,D030,Descuento de anticipo,deduccion,103.05,803.37,MXN
SAP-LIQ-DEMO-0009-261018,DEMO-0009,2026-10-15,2026-10-18,INN-23055|INN-23134,P001,Pago por viaje (2),percepcion,5735.21,6141.20,MXN
SAP-LIQ-DEMO-0009-261018,DEMO-0009,2026-10-15,2026-10-18,INN-23055|INN-23134,P010,Bono de puntualidad,percepcion,300.00,6141.20,MXN
SAP-LIQ-DEMO-0009-261018,DEMO-0009,2026-10-15,2026-10-18,INN-23055|INN-23134,P020,Viáticos,percepcion,640.00,6141.20,MXN
SAP-LIQ-DEMO-0009-261018,DEMO-0009,2026-10-15,2026-10-18,INN-23055|INN-23134,D001,ISR retenido,deduccion,400.51,6141.20,MXN
SAP-LIQ-DEMO-0009-261018,DEMO-0009,2026-10-15,2026-10-18,INN-23055|INN-23134,D002,Cuota IMSS,deduccion,133.50,6141.20,MXN
SAP-LIQ-DEMO-0010-261018,DEMO-0010,2026-10-14,2026-10-18,INN-23081|INN-23052,P001,Pago por viaje (2),percepcion,7188.66,7202.37,MXN
SAP-LIQ-DEMO-0010-261018,DEMO-0010,2026-10-14,2026-10-18,INN-23081|INN-23052,P020,Viáticos,percepcion,640.00,7202.37,MXN
SAP-LIQ-DEMO-0010-261018,DEMO-0010,2026-10-14,2026-10-18,INN-23081|INN-23052,D001,ISR retenido,deduccion,469.72,7202.37,MXN
SAP-LIQ-DEMO-0010-261018,DEMO-0010,2026-10-14,2026-10-18,INN-23081|INN-23052,D002,Cuota IMSS,deduccion,156.57,7202.37,MXN
SAP-LIQ-DEMO-0012-261018,DEMO-0012,2026-10-16,2026-10-18,INN-23153|INN-23175,P001,Pago por viaje (2),percepcion,3171.07,3506.19,MXN
SAP-LIQ-DEMO-0012-261018,DEMO-0012,2026-10-16,2026-10-18,INN-23153|INN-23175,P020,Viáticos,percepcion,640.00,3506.19,MXN
SAP-LIQ-DEMO-0012-261018,DEMO-0012,2026-10-16,2026-10-18,INN-23153|INN-23175,D001,ISR retenido,deduccion,228.66,3506.19,MXN
SAP-LIQ-DEMO-0012-261018,DEMO-0012,2026-10-16,2026-10-18,INN-23153|INN-23175,D002,Cuota IMSS,deduccion,76.22,3506.19,MXN
SAP-LIQ-DEMO-0013-261015,DEMO-0013,2026-10-14,2026-10-15,INN-23080,P001,Pago por viaje (1),percepcion,3364.73,3389.96,MXN
SAP-LIQ-DEMO-0013-261015,DEMO-0013,2026-10-14,2026-10-15,INN-23080,P020,Viáticos,percepcion,320.00,3389.96,MXN
SAP-LIQ-DEMO-0013-261015,DEMO-0013,2026-10-14,2026-10-15,INN-23080,D001,ISR retenido,deduccion,221.08,3389.96,MXN
SAP-LIQ-DEMO-0013-261015,DEMO-0013,2026-10-14,2026-10-15,INN-23080,D002,Cuota IMSS,deduccion,73.69,3389.96,MXN
SAP-LIQ-DEMO-0014-261018,DEMO-0014,2026-10-17,2026-10-18,INN-23046|INN-23039,P001,Pago por viaje (2),percepcion,5823.36,6222.29,MXN
SAP-LIQ-DEMO-0014-261018,DEMO-0014,2026-10-17,2026-10-18,INN-23046|INN-23039,P010,Bono de puntualidad,percepcion,300.00,6222.29,MXN
SAP-LIQ-DEMO-0014-261018,DEMO-0014,2026-10-17,2026-10-18,INN-23046|INN-23039,P020,Viáticos,percepcion,640.00,6222.29,MXN
SAP-LIQ-DEMO-0014-261018,DEMO-0014,2026-10-17,2026-10-18,INN-23046|INN-23039,D001,ISR retenido,deduccion,405.80,6222.29,MXN
SAP-LIQ-DEMO-0014-261018,DEMO-0014,2026-10-17,2026-10-18,INN-23046|INN-23039,D002,Cuota IMSS,deduccion,135.27,6222.29,MXN
SAP-LIQ-DEMO-0015-261018,DEMO-0015,2026-10-18,2026-10-18,INN-23233,P001,Pago por viaje (1),percepcion,1170.00,1136.80,MXN
SAP-LIQ-DEMO-0015-261018,DEMO-0015,2026-10-18,2026-10-18,INN-23233,P020,Viáticos,percepcion,320.00,1136.80,MXN
SAP-LIQ-DEMO-0015-261018,DEMO-0015,2026-10-18,2026-10-18,INN-23233,D001,ISR retenido,deduccion,89.40,1136.80,MXN
SAP-LIQ-DEMO-0015-261018,DEMO-0015,2026-10-18,2026-10-18,INN-23233,D002,Cuota IMSS,deduccion,29.80,1136.80,MXN
SAP-LIQ-DEMO-0015-261018,DEMO-0015,2026-10-18,2026-10-18,INN-23233,D030,Descuento de anticipo,deduccion,234.00,1136.80,MXN
SAP-LIQ-DEMO-0016-261018,DEMO-0016,2026-10-17,2026-10-18,INN-23084,P001,Pago por viaje (1),percepcion,1224.12,1558.59,MXN
SAP-LIQ-DEMO-0016-261018,DEMO-0016,2026-10-17,2026-10-18,INN-23084,P010,Bono de puntualidad,percepcion,150.00,1558.59,MXN
SAP-LIQ-DEMO-0016-261018,DEMO-0016,2026-10-17,2026-10-18,INN-23084,P020,Viáticos,percepcion,320.00,1558.59,MXN
SAP-LIQ-DEMO-0016-261018,DEMO-0016,2026-10-17,2026-10-18,INN-23084,D001,ISR retenido,deduccion,101.65,1558.59,MXN
SAP-LIQ-DEMO-0016-261018,DEMO-0016,2026-10-17,2026-10-18,INN-23084,D002,Cuota IMSS,deduccion,33.88,1558.59,MXN
SAP-LIQ-DEMO-0017-261015,DEMO-0017,2026-10-15,2026-10-15,INN-23209|INN-23234,P001,Pago por viaje (2),percepcion,4081.68,3527.61,MXN
SAP-LIQ-DEMO-0017-261015,DEMO-0017,2026-10-15,2026-10-15,INN-23209|INN-23234,P020,Viáticos,percepcion,640.00,3527.61,MXN
SAP-LIQ-DEMO-0017-261015,DEMO-0017,2026-10-15,2026-10-15,INN-23209|INN-23234,D001,ISR retenido,deduccion,283.30,3527.61,MXN
SAP-LIQ-DEMO-0017-261015,DEMO-0017,2026-10-15,2026-10-15,INN-23209|INN-23234,D002,Cuota IMSS,deduccion,94.43,3527.61,MXN
SAP-LIQ-DEMO-0017-261015,DEMO-0017,2026-10-15,2026-10-15,INN-23209|INN-23234,D030,Descuento de anticipo,deduccion,816.34,3527.61,MXN
SAP-LIQ-DEMO-0018-261017,DEMO-0018,2026-10-16,2026-10-17,INN-23069|INN-23167,P001,Pago por viaje (2),percepcion,4333.01,3984.57,MXN
SAP-LIQ-DEMO-0018-261017,DEMO-0018,2026-10-16,2026-10-17,INN-23069|INN-23167,P010,Bono de puntualidad,percepcion,300.00,3984.57,MXN
SAP-LIQ-DEMO-0018-261017,DEMO-0018,2026-10-16,2026-10-17,INN-23069|INN-23167,P020,Viáticos,percepcion,640.00,3984.57,MXN
SAP-LIQ-DEMO-0018-261017,DEMO-0018,2026-10-16,2026-10-17,INN-23069|INN-23167,D001,ISR retenido,deduccion,316.38,3984.57,MXN
SAP-LIQ-DEMO-0018-261017,DEMO-0018,2026-10-16,2026-10-17,INN-23069|INN-23167,D002,Cuota IMSS,deduccion,105.46,3984.57,MXN
SAP-LIQ-DEMO-0018-261017,DEMO-0018,2026-10-16,2026-10-17,INN-23069|INN-23167,D030,Descuento de anticipo,deduccion,866.60,3984.57,MXN
SAP-LIQ-DEMO-0019-261019,DEMO-0019,2026-10-15,2026-10-19,INN-23194|INN-23054|INN-23057,P001,Pago por viaje (3),percepcion,13598.46,10674.09,MXN
SAP-LIQ-DEMO-0019-261019,DEMO-0019,2026-10-15,2026-10-19,INN-23194|INN-23054|INN-23057,P020,Viáticos,percepcion,960.00,10674.09,MXN
SAP-LIQ-DEMO-0019-261019,DEMO-0019,2026-10-15,2026-10-19,INN-23194|INN-23054|INN-23057,D001,ISR retenido,deduccion,873.51,10674.09,MXN
SAP-LIQ-DEMO-0019-261019,DEMO-0019,2026-10-15,2026-10-19,INN-23194|INN-23054|INN-23057,D002,Cuota IMSS,deduccion,291.17,10674.09,MXN
SAP-LIQ-DEMO-0019-261019,DEMO-0019,2026-10-15,2026-10-19,INN-23194|INN-23054|INN-23057,D030,Descuento de anticipo,deduccion,2719.69,10674.09,MXN
SAP-LIQ-DEMO-0020-261017,DEMO-0020,2026-10-17,2026-10-17,INN-23178,P001,Pago por viaje (1),percepcion,1201.98,1400.22,MXN
SAP-LIQ-DEMO-0020-261017,DEMO-0020,2026-10-17,2026-10-17,INN-23178,P020,Viáticos,percepcion,320.00,1400.22,MXN
SAP-LIQ-DEMO-0020-261017,DEMO-0020,2026-10-17,2026-10-17,INN-23178,D001,ISR retenido,deduccion,91.32,1400.22,MXN
SAP-LIQ-DEMO-0020-261017,DEMO-0020,2026-10-17,2026-10-17,INN-23178,D002,Cuota IMSS,deduccion,30.44,1400.22,MXN
SAP-LIQ-DEMO-0022-261019,DEMO-0022,2026-10-14,2026-10-19,INN-23021|INN-23093|INN-23059,P001,Pago por viaje (3),percepcion,11293.03,11686.79,MXN
SAP-LIQ-DEMO-0022-261019,DEMO-0022,2026-10-14,2026-10-19,INN-23021|INN-23093|INN-23059,P010,Bono de puntualidad,percepcion,450.00,11686.79,MXN
SAP-LIQ-DEMO-0022-261019,DEMO-0022,2026-10-14,2026-10-19,INN-23021|INN-23093|INN-23059,P020,Viáticos,percepcion,960.00,11686.79,MXN
SAP-LIQ-DEMO-0022-261019,DEMO-0022,2026-10-14,2026-10-19,INN-23021|INN-23093|INN-23059,D001,ISR retenido,deduccion,762.18,11686.79,MXN
SAP-LIQ-DEMO-0022-261019,DEMO-0022,2026-10-14,2026-10-19,INN-23021|INN-23093|INN-23059,D002,Cuota IMSS,deduccion,254.06,11686.79,MXN
SAP-LIQ-DEMO-0023-261018,DEMO-0023,2026-10-14,2026-10-18,INN-23192|INN-23142,P001,Pago por viaje (2),percepcion,5306.76,5471.01,MXN
SAP-LIQ-DEMO-0023-261018,DEMO-0023,2026-10-14,2026-10-18,INN-23192|INN-23142,P020,Viáticos,percepcion,640.00,5471.01,MXN
SAP-LIQ-DEMO-0023-261018,DEMO-0023,2026-10-14,2026-10-18,INN-23192|INN-23142,D001,ISR retenido,deduccion,356.81,5471.01,MXN
SAP-LIQ-DEMO-0023-261018,DEMO-0023,2026-10-14,2026-10-18,INN-23192|INN-23142,D002,Cuota IMSS,deduccion,118.94,5471.01,MXN
SAP-LIQ-DEMO-0024-261019,DEMO-0024,2026-10-14,2026-10-19,INN-23155|INN-23004|INN-23165|INN-23122,P001,Pago por viaje (4),percepcion,10843.12,11153.27,MXN
SAP-LIQ-DEMO-0024-261019,DEMO-0024,2026-10-14,2026-10-19,INN-23155|INN-23004|INN-23165|INN-23122,P020,Viáticos,percepcion,1280.00,11153.27,MXN
SAP-LIQ-DEMO-0024-261019,DEMO-0024,2026-10-14,2026-10-19,INN-23155|INN-23004|INN-23165|INN-23122,D001,ISR retenido,deduccion,727.39,11153.27,MXN
SAP-LIQ-DEMO-0024-261019,DEMO-0024,2026-10-14,2026-10-19,INN-23155|INN-23004|INN-23165|INN-23122,D002,Cuota IMSS,deduccion,242.46,11153.27,MXN
SAP-LIQ-DEMO-0025-261017,DEMO-0025,2026-10-13,2026-10-17,INN-23196|INN-23159,P001,Pago por viaje (2),percepcion,5598.68,4895.85,MXN
SAP-LIQ-DEMO-0025-261017,DEMO-0025,2026-10-13,2026-10-17,INN-23196|INN-23159,P010,Bono de puntualidad,percepcion,300.00,4895.85,MXN
SAP-LIQ-DEMO-0025-261017,DEMO-0025,2026-10-13,2026-10-17,INN-23196|INN-23159,P020,Viáticos,percepcion,640.00,4895.85,MXN
SAP-LIQ-DEMO-0025-261017,DEMO-0025,2026-10-13,2026-10-17,INN-23196|INN-23159,D001,ISR retenido,deduccion,392.32,4895.85,MXN
SAP-LIQ-DEMO-0025-261017,DEMO-0025,2026-10-13,2026-10-17,INN-23196|INN-23159,D002,Cuota IMSS,deduccion,130.77,4895.85,MXN
SAP-LIQ-DEMO-0025-261017,DEMO-0025,2026-10-13,2026-10-17,INN-23196|INN-23159,D030,Descuento de anticipo,deduccion,1119.74,4895.85,MXN
SAP-LIQ-DEMO-0026-261019,DEMO-0026,2026-10-14,2026-10-19,INN-23213|INN-23139|INN-23195,P001,Pago por viaje (3),percepcion,6401.73,5906.45,MXN
SAP-LIQ-DEMO-0026-261019,DEMO-0026,2026-10-14,2026-10-19,INN-23213|INN-23139|INN-23195,P010,Bono de puntualidad,percepcion,450.00,5906.45,MXN
SAP-LIQ-DEMO-0026-261019,DEMO-0026,2026-10-14,2026-10-19,INN-23213|INN-23139|INN-23195,P020,Viáticos,percepcion,960.00,5906.45,MXN
SAP-LIQ-DEMO-0026-261019,DEMO-0026,2026-10-14,2026-10-19,INN-23213|INN-23139|INN-23195,D001,ISR retenido,deduccion,468.70,5906.45,MXN
SAP-LIQ-DEMO-0026-261019,DEMO-0026,2026-10-14,2026-10-19,INN-23213|INN-23139|INN-23195,D002,Cuota IMSS,deduccion,156.23,5906.45,MXN
SAP-LIQ-DEMO-0026-261019,DEMO-0026,2026-10-14,2026-10-19,INN-23213|INN-23139|INN-23195,D030,Descuento de anticipo,deduccion,1280.35,5906.45,MXN
SAP-LIQ-DEMO-0028-261016,DEMO-0028,2026-10-14,2026-10-16,INN-23232|INN-23201,P001,Pago por viaje (2),percepcion,6020.57,6403.73,MXN
SAP-LIQ-DEMO-0028-261016,DEMO-0028,2026-10-14,2026-10-16,INN-23232|INN-23201,P010,Bono de puntualidad,percepcion,300.00,6403.73,MXN
SAP-LIQ-DEMO-0028-261016,DEMO-0028,2026-10-14,2026-10-16,INN-23232|INN-23201,P020,Viáticos,percepcion,640.00,6403.73,MXN
SAP-LIQ-DEMO-0028-261016,DEMO-0028,2026-10-14,2026-10-16,INN-23232|INN-23201,D001,ISR retenido,deduccion,417.63,6403.73,MXN
SAP-LIQ-DEMO-0028-261016,DEMO-0028,2026-10-14,2026-10-16,INN-23232|INN-23201,D002,Cuota IMSS,deduccion,139.21,6403.73,MXN
SAP-LIQ-DEMO-0030-261019,DEMO-0030,2026-10-17,2026-10-19,INN-23024|INN-23248,P001,Pago por viaje (2),percepcion,4597.87,4175.27,MXN
SAP-LIQ-DEMO-0030-261019,DEMO-0030,2026-10-17,2026-10-19,INN-23024|INN-23248,P010,Bono de puntualidad,percepcion,300.00,4175.27,MXN
SAP-LIQ-DEMO-0030-261019,DEMO-0030,2026-10-17,2026-10-19,INN-23024|INN-23248,P020,Viáticos,percepcion,640.00,4175.27,MXN
SAP-LIQ-DEMO-0030-261019,DEMO-0030,2026-10-17,2026-10-19,INN-23024|INN-23248,D001,ISR retenido,deduccion,332.27,4175.27,MXN
SAP-LIQ-DEMO-0030-261019,DEMO-0030,2026-10-17,2026-10-19,INN-23024|INN-23248,D002,Cuota IMSS,deduccion,110.76,4175.27,MXN
SAP-LIQ-DEMO-0030-261019,DEMO-0030,2026-10-17,2026-10-19,INN-23024|INN-23248,D030,Descuento de anticipo,deduccion,919.57,4175.27,MXN
SAP-LIQ-DEMO-0031-261017,DEMO-0031,2026-10-17,2026-10-17,INN-23103,P001,Pago por viaje (1),percepcion,1518.50,1829.42,MXN
SAP-LIQ-DEMO-0031-261017,DEMO-0031,2026-10-17,2026-10-17,INN-23103,P010,Bono de puntualidad,percepcion,150.00,1829.42,MXN
SAP-LIQ-DEMO-0031-261017,DEMO-0031,2026-10-17,2026-10-17,INN-23103,P020,Viáticos,percepcion,320.00,1829.42,MXN
SAP-LIQ-DEMO-0031-261017,DEMO-0031,2026-10-17,2026-10-17,INN-23103,D001,ISR retenido,deduccion,119.31,1829.42,MXN
SAP-LIQ-DEMO-0031-261017,DEMO-0031,2026-10-17,2026-10-17,INN-23103,D002,Cuota IMSS,deduccion,39.77,1829.42,MXN
SAP-LIQ-DEMO-0032-261019,DEMO-0032,2026-10-14,2026-10-19,INN-23207|INN-23067|INN-23078,P001,Pago por viaje (3),percepcion,11524.68,11899.91,MXN
SAP-LIQ-DEMO-0032-261019,DEMO-0032,2026-10-14,2026-10-19,INN-23207|INN-23067|INN-23078,P010,Bono de puntualidad,percepcion,450.00,11899.91,MXN
SAP-LIQ-DEMO-0032-261019,DEMO-0032,2026-10-14,2026-10-19,INN-23207|INN-23067|INN-23078,P020,Viáticos,percepcion,960.00,11899.91,MXN
SAP-LIQ-DEMO-0032-261019,DEMO-0032,2026-10-14,2026-10-19,INN-23207|INN-23067|INN-23078,D001,ISR retenido,deduccion,776.08,11899.91,MXN
SAP-LIQ-DEMO-0032-261019,DEMO-0032,2026-10-14,2026-10-19,INN-23207|INN-23067|INN-23078,D002,Cuota IMSS,deduccion,258.69,11899.91,MXN
SAP-LIQ-DEMO-0035-261018,DEMO-0035,2026-10-17,2026-10-18,INN-23027,P001,Pago por viaje (1),percepcion,1910.87,2190.40,MXN
SAP-LIQ-DEMO-0035-261018,DEMO-0035,2026-10-17,2026-10-18,INN-23027,P010,Bono de puntualidad,percepcion,150.00,2190.40,MXN
SAP-LIQ-DEMO-0035-261018,DEMO-0035,2026-10-17,2026-10-18,INN-23027,P020,Viáticos,percepcion,320.00,2190.40,MXN
SAP-LIQ-DEMO-0035-261018,DEMO-0035,2026-10-17,2026-10-18,INN-23027,D001,ISR retenido,deduccion,142.85,2190.40,MXN
SAP-LIQ-DEMO-0035-261018,DEMO-0035,2026-10-17,2026-10-18,INN-23027,D002,Cuota IMSS,deduccion,47.62,2190.40,MXN
SAP-LIQ-DEMO-0036-261015,DEMO-0036,2026-10-15,2026-10-15,INN-23127,P001,Pago por viaje (1),percepcion,1058.89,1268.58,MXN
SAP-LIQ-DEMO-0036-261015,DEMO-0036,2026-10-15,2026-10-15,INN-23127,P020,Viáticos,percepcion,320.00,1268.58,MXN
SAP-LIQ-DEMO-0036-261015,DEMO-0036,2026-10-15,2026-10-15,INN-23127,D001,ISR retenido,deduccion,82.73,1268.58,MXN
SAP-LIQ-DEMO-0036-261015,DEMO-0036,2026-10-15,2026-10-15,INN-23127,D002,Cuota IMSS,deduccion,27.58,1268.58,MXN
SAP-LIQ-DEMO-0043-261017,DEMO-0043,2026-10-16,2026-10-17,INN-23035,P001,Pago por viaje (1),percepcion,4080.18,4186.17,MXN
SAP-LIQ-DEMO-0043-261017,DEMO-0043,2026-10-16,2026-10-17,INN-23035,P010,Bono de puntualidad,percepcion,150.00,4186.17,MXN
SAP-LIQ-DEMO-0043-261017,DEMO-0043,2026-10-16,2026-10-17,INN-23035,P020,Viáticos,percepcion,320.00,4186.17,MXN
SAP-LIQ-DEMO-0043-261017,DEMO-0043,2026-10-16,2026-10-17,INN-23035,D001,ISR retenido,deduccion,273.01,4186.17,MXN
SAP-LIQ-DEMO-0043-261017,DEMO-0043,2026-10-16,2026-10-17,INN-23035,D002,Cuota IMSS,deduccion,91.00,4186.17,MXN
SAP-LIQ-DEMO-0044-261018,DEMO-0044,2026-10-18,2026-10-18,INN-23056,P001,Pago por viaje (1),percepcion,3364.73,3527.96,MXN
SAP-LIQ-DEMO-0044-261018,DEMO-0044,2026-10-18,2026-10-18,INN-23056,P010,Bono de puntualidad,percepcion,150.00,3527.96,MXN
SAP-LIQ-DEMO-0044-261018,DEMO-0044,2026-10-18,2026-10-18,INN-23056,P020,Viáticos,percepcion,320.00,3527.96,MXN
SAP-LIQ-DEMO-0044-261018,DEMO-0044,2026-10-18,2026-10-18,INN-23056,D001,ISR retenido,deduccion,230.08,3527.96,MXN
SAP-LIQ-DEMO-0044-261018,DEMO-0044,2026-10-18,2026-10-18,INN-23056,D002,Cuota IMSS,deduccion,76.69,3527.96,MXN
SAP-LIQ-DEMO-0046-261016,DEMO-0046,2026-10-16,2026-10-16,INN-23013,P001,Pago por viaje (1),percepcion,3364.73,3389.96,MXN
SAP-LIQ-DEMO-0046-261016,DEMO-0046,2026-10-16,2026-10-16,INN-23013,P020,Viáticos,percepcion,320.00,3389.96,MXN
SAP-LIQ-DEMO-0046-261016,DEMO-0046,2026-10-16,2026-10-16,INN-23013,D001,ISR retenido,deduccion,221.08,3389.96,MXN
SAP-LIQ-DEMO-0046-261016,DEMO-0046,2026-10-16,2026-10-16,INN-23013,D002,Cuota IMSS,deduccion,73.69,3389.96,MXN
SAP-LIQ-DEMO-0047-261015,DEMO-0047,2026-10-14,2026-10-15,INN-23182,P001,Pago por viaje (1),percepcion,3529.96,2835.97,MXN
SAP-LIQ-DEMO-0047-261015,DEMO-0047,2026-10-14,2026-10-15,INN-23182,P020,Viáticos,percepcion,320.00,2835.97,MXN
SAP-LIQ-DEMO-0047-261015,DEMO-0047,2026-10-14,2026-10-15,INN-23182,D001,ISR retenido,deduccion,231.00,2835.97,MXN
SAP-LIQ-DEMO-0047-261015,DEMO-0047,2026-10-14,2026-10-15,INN-23182,D002,Cuota IMSS,deduccion,77.00,2835.97,MXN
SAP-LIQ-DEMO-0047-261015,DEMO-0047,2026-10-14,2026-10-15,INN-23182,D030,Descuento de anticipo,deduccion,705.99,2835.97,MXN
SAP-LIQ-DEMO-0049-261017,DEMO-0049,2026-10-14,2026-10-17,INN-23096|INN-23136|INN-23198|INN-23072,P001,Pago por viaje (4),percepcion,6853.41,8034.74,MXN
SAP-LIQ-DEMO-0049-261017,DEMO-0049,2026-10-14,2026-10-17,INN-23096|INN-23136|INN-23198|INN-23072,P010,Bono de puntualidad,percepcion,600.00,8034.74,MXN
SAP-LIQ-DEMO-0049-261017,DEMO-0049,2026-10-14,2026-10-17,INN-23096|INN-23136|INN-23198|INN-23072,P020,Viáticos,percepcion,1280.00,8034.74,MXN
SAP-LIQ-DEMO-0049-261017,DEMO-0049,2026-10-14,2026-10-17,INN-23096|INN-23136|INN-23198|INN-23072,D001,ISR retenido,deduccion,524.00,8034.74,MXN
SAP-LIQ-DEMO-0049-261017,DEMO-0049,2026-10-14,2026-10-17,INN-23096|INN-23136|INN-23198|INN-23072,D002,Cuota IMSS,deduccion,174.67,8034.74,MXN
SAP-LIQ-DEMO-0051-261014,DEMO-0051,2026-10-14,2026-10-14,INN-23023,P001,Pago por viaje (1),percepcion,1352.86,1268.46,MXN
SAP-LIQ-DEMO-0051-261014,DEMO-0051,2026-10-14,2026-10-14,INN-23023,P020,Viáticos,percepcion,320.00,1268.46,MXN
SAP-LIQ-DEMO-0051-261014,DEMO-0051,2026-10-14,2026-10-14,INN-23023,D001,ISR retenido,deduccion,100.37,1268.46,MXN
SAP-LIQ-DEMO-0051-261014,DEMO-0051,2026-10-14,2026-10-14,INN-23023,D002,Cuota IMSS,deduccion,33.46,1268.46,MXN
SAP-LIQ-DEMO-0051-261014,DEMO-0051,2026-10-14,2026-10-14,INN-23023,D030,Descuento de anticipo,deduccion,270.57,1268.46,MXN
SAP-LIQ-DEMO-0052-261018,DEMO-0052,2026-10-16,2026-10-18,INN-23061|INN-23064,P001,Pago por viaje (2),percepcion,4882.82,5356.99,MXN
SAP-LIQ-DEMO-0052-261018,DEMO-0052,2026-10-16,2026-10-18,INN-23061|INN-23064,P010,Bono de puntualidad,percepcion,300.00,5356.99,MXN
SAP-LIQ-DEMO-0052-261018,DEMO-0052,2026-10-16,2026-10-18,INN-23061|INN-23064,P020,Viáticos,percepcion,640.00,5356.99,MXN
SAP-LIQ-DEMO-0052-261018,DEMO-0052,2026-10-16,2026-10-18,INN-23061|INN-23064,D001,ISR retenido,deduccion,349.37,5356.99,MXN
SAP-LIQ-DEMO-0052-261018,DEMO-0052,2026-10-16,2026-10-18,INN-23061|INN-23064,D002,Cuota IMSS,deduccion,116.46,5356.99,MXN
SAP-LIQ-DEMO-0053-261015,DEMO-0053,2026-10-14,2026-10-15,INN-23197,P001,Pago por viaje (1),percepcion,4532.82,4602.59,MXN
SAP-LIQ-DEMO-0053-261015,DEMO-0053,2026-10-14,2026-10-15,INN-23197,P010,Bono de puntualidad,percepcion,150.00,4602.59,MXN
SAP-LIQ-DEMO-0053-261015,DEMO-0053,2026-10-14,2026-10-15,INN-23197,P020,Viáticos,percepcion,320.00,4602.59,MXN
SAP-LIQ-DEMO-0053-261015,DEMO-0053,2026-10-14,2026-10-15,INN-23197,D001,ISR retenido,deduccion,300.17,4602.59,MXN
SAP-LIQ-DEMO-0053-261015,DEMO-0053,2026-10-14,2026-10-15,INN-23197,D002,Cuota IMSS,deduccion,100.06,4602.59,MXN
SAP-LIQ-DEMO-0054-261015,DEMO-0054,2026-10-15,2026-10-15,INN-23018|INN-23049,P001,Pago por viaje (2),percepcion,2869.31,3504.56,MXN
SAP-LIQ-DEMO-0054-261015,DEMO-0054,2026-10-15,2026-10-15,INN-23018|INN-23049,P010,Bono de puntualidad,percepcion,300.00,3504.56,MXN
SAP-LIQ-DEMO-0054-261015,DEMO-0054,2026-10-15,2026-10-15,INN-23018|INN-23049,P020,Viáticos,percepcion,640.00,3504.56,MXN
SAP-LIQ-DEMO-0054-261015,DEMO-0054,2026-10-15,2026-10-15,INN-23018|INN-23049,D001,ISR retenido,deduccion,228.56,3504.56,MXN
SAP-LIQ-DEMO-0054-261015,DEMO-0054,2026-10-15,2026-10-15,INN-23018|INN-23049,D002,Cuota IMSS,deduccion,76.19,3504.56,MXN
SAP-LIQ-DEMO-0055-261015,DEMO-0055,2026-10-14,2026-10-15,INN-23231|INN-23236,P001,Pago por viaje (2),percepcion,3714.73,4006.36,MXN
SAP-LIQ-DEMO-0055-261015,DEMO-0055,2026-10-14,2026-10-15,INN-23231|INN-23236,P020,Viáticos,percepcion,640.00,4006.36,MXN
SAP-LIQ-DEMO-0055-261015,DEMO-0055,2026-10-14,2026-10-15,INN-23231|INN-23236,D001,ISR retenido,deduccion,261.28,4006.36,MXN
SAP-LIQ-DEMO-0055-261015,DEMO-0055,2026-10-14,2026-10-15,INN-23231|INN-23236,D002,Cuota IMSS,deduccion,87.09,4006.36,MXN
SAP-LIQ-DEMO-0056-261018,DEMO-0056,2026-10-18,2026-10-18,INN-23260,P001,Pago por viaje (1),percepcion,1518.50,1691.42,MXN
SAP-LIQ-DEMO-0056-261018,DEMO-0056,2026-10-18,2026-10-18,INN-23260,P020,Viáticos,percepcion,320.00,1691.42,MXN
SAP-LIQ-DEMO-0056-261018,DEMO-0056,2026-10-18,2026-10-18,INN-23260,D001,ISR retenido,deduccion,110.31,1691.42,MXN
SAP-LIQ-DEMO-0056-261018,DEMO-0056,2026-10-18,2026-10-18,INN-23260,D002,Cuota IMSS,deduccion,36.77,1691.42,MXN
SAP-LIQ-DEMO-0057-261018,DEMO-0057,2026-10-16,2026-10-18,INN-23036|INN-23044,P001,Pago por viaje (2),percepcion,4515.87,3840.23,MXN
SAP-LIQ-DEMO-0057-261018,DEMO-0057,2026-10-16,2026-10-18,INN-23036|INN-23044,P020,Viáticos,percepcion,640.00,3840.23,MXN
SAP-LIQ-DEMO-0057-261018,DEMO-0057,2026-10-16,2026-10-18,INN-23036|INN-23044,D001,ISR retenido,deduccion,309.35,3840.23,MXN
SAP-LIQ-DEMO-0057-261018,DEMO-0057,2026-10-16,2026-10-18,INN-23036|INN-23044,D002,Cuota IMSS,deduccion,103.12,3840.23,MXN
SAP-LIQ-DEMO-0057-261018,DEMO-0057,2026-10-16,2026-10-18,INN-23036|INN-23044,D030,Descuento de anticipo,deduccion,903.17,3840.23,MXN
SAP-LIQ-DEMO-0058-261018,DEMO-0058,2026-10-14,2026-10-18,INN-23130|INN-23034|INN-23117|INN-23151,P001,Pago por viaje (4),percepcion,7546.31,6610.94,MXN
SAP-LIQ-DEMO-0058-261018,DEMO-0058,2026-10-14,2026-10-18,INN-23130|INN-23034|INN-23117|INN-23151,P020,Viáticos,percepcion,1280.00,6610.94,MXN
SAP-LIQ-DEMO-0058-261018,DEMO-0058,2026-10-14,2026-10-18,INN-23130|INN-23034|INN-23117|INN-23151,D001,ISR retenido,deduccion,529.58,6610.94,MXN
SAP-LIQ-DEMO-0058-261018,DEMO-0058,2026-10-14,2026-10-18,INN-23130|INN-23034|INN-23117|INN-23151,D002,Cuota IMSS,deduccion,176.53,6610.94,MXN
SAP-LIQ-DEMO-0058-261018,DEMO-0058,2026-10-14,2026-10-18,INN-23130|INN-23034|INN-23117|INN-23151,D030,Descuento de anticipo,deduccion,1509.26,6610.94,MXN
SAP-LIQ-DEMO-0062-261016,DEMO-0062,2026-10-15,2026-10-16,INN-23135|INN-23244,P001,Pago por viaje (2),percepcion,7159.55,7175.59,MXN
SAP-LIQ-DEMO-0062-261016,DEMO-0062,2026-10-15,2026-10-16,INN-23135|INN-23244,P020,Viáticos,percepcion,640.00,7175.59,MXN
SAP-LIQ-DEMO-0062-261016,DEMO-0062,2026-10-15,2026-10-16,INN-23135|INN-23244,D001,ISR retenido,deduccion,467.97,7175.59,MXN
SAP-LIQ-DEMO-0062-261016,DEMO-0062,2026-10-15,2026-10-16,INN-23135|INN-23244,D002,Cuota IMSS,deduccion,155.99,7175.59,MXN
SAP-LIQ-DEMO-0065-261019,DEMO-0065,2026-10-15,2026-10-19,INN-23258|INN-23168,P001,Pago por viaje (2),percepcion,2033.73,2459.84,MXN
SAP-LIQ-DEMO-0065-261019,DEMO-0065,2026-10-15,2026-10-19,INN-23258|INN-23168,P020,Viáticos,percepcion,640.00,2459.84,MXN
SAP-LIQ-DEMO-0065-261019,DEMO-0065,2026-10-15,2026-10-19,INN-23258|INN-23168,D001,ISR retenido,deduccion,160.42,2459.84,MXN
SAP-LIQ-DEMO-0065-261019,DEMO-0065,2026-10-15,2026-10-19,INN-23258|INN-23168,D002,Cuota IMSS,deduccion,53.47,2459.84,MXN
