id_unidad,latitud,longitud,fecha_hora,velocidad_kmh,ignicion
IN-001,25.560195,-100.940184,2026-10-20 09:00:00,0.0,0
IN-002,21.352003,-101.918146,2026-10-20 09:00:00,0.0,0
IN-003,21.182355,-101.746430,2026-10-20 09:00:00,78.6,1
IN-004,20.972088,-101.392123,2026-10-20 09:00:00,0.0,0
IN-005,22.759683,-100.847546,2026-10-20 09:00:00,63.7,1
IN-006,20.971754,-101.391787,2026-10-20 09:00:00,0.0,0
IN-007,24.242939,-100.764769,2026-10-20 09:00:00,66.2,1
IN-008,23.967725,-100.709798,2026-10-20 09:00:00,63.4,1
IN-009,21.540558,-101.208872,2026-10-20 09:00:00,80.2,1
IN-010,21.104713,-101.654883,2026-10-20 09:00:00,0.0,0
IN-011,24.900832,-100.896098,2026-10-20 09:00:00,61.4,1
IN-012,20.872847,-102.861395,2026-10-20 09:00:00,77.1,1
IN-013,21.003234,-102.611180,2026-10-20 09:00:00,76.3,1
IN-014,20.934914,-101.424791,2026-10-20 09:00:00,0.0,1
IN-015,21.687418,-101.154954,2026-10-20 09:00:00,76.4,1
IN-016,20.972260,-101.391912,2026-10-20 09:00:00,0.0,1
IN-017,22.210863,-100.971284,2026-10-20 09:00:00,75.4,1
IN-018,23.329402,-100.718385,2026-10-20 09:00:00,62.1,1
IN-019,23.190292,-100.750121,2026-10-20 09:00:00,81.9,1
IN-020,21.107039,-102.411675,2026-10-20 09:00:00,75.9,1
IN-021,21.112937,-102.399973,2026-10-20 09:00:00,79.2,1
IN-022,25.110574,-100.938227,2026-10-20 09:00:00,78.0,1
IN-023,20.935293,-101.424806,2026-10-20 07:20:00,0.0,0
IN-024,20.515271,-103.185296,2026-10-20 09:00:00,0.0,0
IN-025,21.269403,-101.837672,2026-10-20 09:00:00,78.0,1
IN-026,21.435825,-101.247203,2026-10-20 09:00:00,77.1,1
IN-027,21.351723,-101.917829,2026-10-20 09:00:00,0.0,0
IN-028,23.247650,-100.736973,2026-10-20 09:00:00,63.1,1
IN-029,25.440157,-100.980091,2026-10-20 09:00:00,0.0,0
IN-030,23.639783,-100.649773,2026-10-20 09:00:00,0.0,0
IN-031,23.108936,-100.768194,2026-10-20 09:00:00,79.1,1
IN-032,20.891000,-102.827002,2026-10-20 09:00:00,80.4,1
IN-033,20.871324,-102.864668,2026-10-20 09:00:00,60.8,1
IN-034,20.934909,-101.425058,2026-10-20 09:00:00,0.0,0
IN-035,25.440093,-100.979748,2026-10-20 09:00:00,0.0,0
IN-036,20.971917,-101.392031,2026-10-20 09:00:00,0.0,0
IN-037,25.440220,-100.979883,2026-10-20 09:00:00,0.0,0
IN-038,20.844808,-102.916327,2026-10-20 09:00:00,80.1,1
IN-039,20.628171,-103.291917,2026-10-20 09:00:00,0.0,0
IN-040,23.798389,-100.675766,2026-10-20 09:00:00,63.4,1
IN-041,25.308620,-100.977840,2026-10-20 09:00:00,64.9,1
IN-042,23.639763,-100.649738,2026-10-20 09:00:00,0.0,0
IN-043,20.627870,-103.292218,2026-10-20 09:00:00,0.0,0
IN-044,21.017299,-101.532708,2026-10-20 09:00:00,68.7,1
IN-045,21.429518,-101.249896,2026-10-20 09:00:00,69.0,1
IN-046,23.437156,-100.694087,2026-10-20 07:20:00,59.9,1
IN-047,25.345956,-100.985398,2026-10-20 09:00:00,79.9,1
IN-048,21.644053,-101.170988,2026-10-20 09:00:00,77.8,1
IN-049,25.800161,-100.319793,2026-10-20 09:00:00,0.0,1
IN-050,21.190003,-102.251371,2026-10-20 09:00:00,69.7,1
IN-051,20.807107,-102.989001,2026-10-20 09:00:00,73.4,1
IN-052,23.377021,-100.707754,2026-10-20 09:00:00,63.6,1
IN-053,22.190005,-101.019995,2026-10-20 09:00:00,0.0,0
IN-054,21.258049,-101.312621,2026-10-20 09:00:00,67.5,1
IN-055,21.753662,-101.130241,2026-10-20 09:00:00,71.0,1
IN-056,20.972129,-101.391764,2026-10-20 09:00:00,0.0,0
IN-057,24.420766,-100.800409,2026-10-20 09:00:00,64.6,1
IN-058,25.539618,-100.730548,2026-10-20 09:00:00,67.0,1
IN-059,21.059735,-101.593938,2026-10-20 09:00:00,59.4,1
IN-060,21.891431,-101.079804,2026-10-20 09:00:00,68.1,1
IN-061,20.972177,-101.391929,2026-10-20 09:00:00,0.0,0
IN-062,25.641469,-100.501171,2026-10-20 09:00:00,64.1,1
IN-063,20.515134,-103.184909,2026-10-20 09:00:00,0.0,0
IN-064,21.352148,-101.918069,2026-10-20 09:00:00,0.0,0
IN-065,21.332099,-101.285475,2026-10-20 09:00:00,64.4,1
IN-066,21.812395,-101.109211,2026-10-20 09:00:00,76.7,1
IN-067,25.800042,-100.319861,2026-10-20 09:00:00,0.0,0
IN-068,25.775079,-100.185125,2026-10-20 09:00:00,0.0,0
IN-069,23.336549,-100.716617,2026-10-20 07:20:00,68.1,1
IN-070,24.557300,-100.827194,2026-10-20 09:00:00,80.0,1
IN-071,25.774974,-100.184825,2026-10-20 09:00:00,0.0,0
IN-072,20.514998,-103.184800,2026-10-20 09:00:00,0.0,0
IN-073,21.684891,-101.155931,2026-10-20 09:00:00,60.9,1
IN-074,20.628190,-103.291815,2026-10-20 09:00:00,0.0,1
IN-075,20.935029,-101.425063,2026-10-20 09:00:00,0.0,0
IN-076,21.490189,-101.227361,2026-10-20 09:00:00,70.8,1
IN-077,22.550638,-100.894548,2026-10-20 09:00:00,65.6,1
IN-078,20.514946,-103.184837,2026-10-20 09:00:00,0.0,0
IN-079,20.935288,-101.425213,2026-10-20 09:00:00,0.0,0
IN-080,21.295139,-102.049171,2026-10-20 09:00:00,66.5,1
IN-081,21.206749,-101.331613,2026-10-20 09:00:00,77.0,1
IN-082,20.838200,-102.928154,2026-10-20 09:00:00,78.4,1
IN-083,22.048332,-101.022215,2026-10-20 09:00:00,71.7,1
IN-084,20.971747,-101.392174,2026-10-20 09:00:00,0.0,1
IN-085,20.967347,-101.461459,2026-10-20 09:00:00,75.9,1
IN-086,21.366135,-101.273124,2026-10-20 09:00:00,81.1,1
IN-087,21.233274,-101.321597,2026-10-20 09:00:00,70.2,1
IN-088,24.134387,-100.743168,2026-10-20 09:00:00,75.5,1
IN-089,25.775194,-100.184790,2026-10-20 09:00:00,0.0,0
IN-090,21.156762,-102.315512,2026-10-20 09:00:00,71.5,1
IN-091,22.191478,-100.975408,2026-10-20 09:00:00,71.0,1
IN-092,21.351841,-101.918042,2026-10-20 07:20:00,0.0,0
IN-093,21.352145,-101.917994,2026-10-20 09:00:00,0.0,0
IN-094,20.935274,-101.424923,2026-10-20 09:00:00,0.0,0
IN-095,21.352217,-101.918265,2026-10-20 09:00:00,0.0,1
IN-096,20.934847,-101.425238,2026-10-20 09:00:00,0.0,0
IN-097,25.789825,-100.210112,2026-10-20 09:00:00,0.0,0
IN-098,22.242939,-100.963903,2026-10-20 09:00:00,64.5,1
IN-099,25.335703,-100.983078,2026-10-20 09:00:00,72.9,1
IN-100,25.559861,-100.940243,2026-10-20 09:00:00,0.0,0
IN-101,24.134670,-100.743124,2026-10-20 09:00:00,63.8,1
IN-102,21.030179,-102.558981,2026-10-20 09:00:00,80.3,1
IN-103,20.628069,-103.291894,2026-10-20 09:00:00,0.0,0
IN-104,25.559717,-100.939718,2026-10-20 09:00:00,0.0,0
IN-105,21.342893,-101.957178,2026-10-20 09:00:00,70.3,1
IN-106,24.307124,-100.777655,2026-10-20 09:00:00,81.1,1
IN-107,20.935124,-101.424841,2026-10-20 09:00:00,0.0,0
IN-108,23.200486,-100.747465,2026-10-20 09:00:00,66.2,1
IN-109,25.559979,-100.939955,2026-10-20 09:00:00,0.0,0
IN-110,21.104830,-101.655224,2026-10-20 09:00:00,0.0,1
IN-111,24.966317,-100.909044,2026-10-20 09:00:00,66.3,1
IN-112,20.907142,-102.795598,2026-10-20 09:00:00,68.5,1
IN-113,21.214336,-102.204614,2026-10-20 09:00:00,78.0,1
IN-114,21.980418,-101.047373,2026-10-20 09:00:00,72.4,1
IN-115,21.352153,-101.918153,2026-10-20 07:20:00,0.0,1
IN-116,20.864142,-102.878181,2026-10-20 09:00:00,68.0,1
IN-117,25.440060,-100.979851,2026-10-20 09:00:00,0.0,0
IN-118,25.559823,-100.939879,2026-10-20 09:00:00,0.0,0
IN-119,25.494328,-100.832187,2026-10-20 09:00:00,64.4,1
IN-120,22.114754,-100.924891,2026-10-20 09:00:00,0.0,0
IN-121,21.121697,-101.682986,2026-10-20 09:00:00,71.6,1
IN-122,21.351727,-101.918026,2026-10-20 09:00:00,0.0,0
IN-123,23.033633,-100.785263,2026-10-20 09:00:00,63.7,1
IN-124,22.517919,-100.901628,2026-10-20 09:00:00,69.0,1
IN-125,22.189835,-101.020065,2026-10-20 09:00:00,0.0,0
IN-126,20.935088,-101.425144,2026-10-20 09:00:00,0.0,0
IN-127,24.415489,-100.798859,2026-10-20 09:00:00,62.5,1
IN-128,22.915304,-100.811909,2026-10-20 09:00:00,75.4,1
IN-129,24.714131,-100.859051,2026-10-20 09:00:00,67.8,1
IN-130,23.621457,-100.652298,2026-10-20 09:00:00,60.8,1
IN-131,21.085829,-101.631089,2026-10-20 09:00:00,79.8,1
IN-132,20.627771,-103.291717,2026-10-20 09:00:00,0.0,0
IN-133,20.935177,-101.424998,2026-10-20 09:00:00,0.0,0
IN-134,21.070485,-101.381690,2026-10-20 09:00:00,60.2,1
IN-135,23.639791,-100.649916,2026-10-20 09:00:00,0.0,1
IN-136,20.972249,-101.391934,2026-10-20 09:00:00,0.0,0
IN-137,25.439979,-100.979755,2026-10-20 09:00:00,0.0,0
IN-138,23.894643,-100.694742,2026-10-20 07:20:00,79.3,1
IN-139,22.889804,-100.817982,2026-10-20 09:00:00,70.2,1
IN-140,21.032276,-101.395470,2026-10-20 09:00:00,65.7,1
IN-141,20.639280,-103.311670,2026-10-20 09:00:00,0.0,0
IN-142,20.639244,-103.311774,2026-10-20 09:00:00,0.0,0
IN-143,20.639591,-103.312000,2026-10-20 09:00:00,0.0,0
IN-144,20.944324,-101.429970,2026-10-20 09:00:00,0.0,0
IN-145,20.944415,-101.429651,2026-10-20 09:00:00,0.0,0
IN-146,20.943832,-101.430418,2026-10-20 09:00:00,0.0,0
IN-147,25.779924,-100.189902,2026-10-20 09:00:00,0.0,0
IN-148,25.780150,-100.189819,2026-10-20 09:00:00,0.0,0
IN-149,25.780472,-100.190021,2026-10-20 09:00:00,0.0,0
IN-150,20.639589,-103.312271,2026-10-20 09:00:00,0.0,0
IN-151,20.639225,-103.311615,2026-10-20 09:00:00,0.0,0
IN-152,20.639281,-103.312266,2026-10-20 09:00:00,0.0,0
IN-153,20.639539,-103.311573,2026-10-20 09:00:00,0.0,0
IN-154,20.944457,-101.429762,2026-10-20 09:00:00,0.0,0
IN-155,20.944190,-101.429778,2026-10-20 09:00:00,0.0,0
IN-156,20.944295,-101.429613,2026-10-20 09:00:00,0.0,0
IN-157,25.779758,-100.189568,2026-10-20 09:00:00,0.0,0
IN-158,25.780317,-100.190096,2026-10-20 09:00:00,0.0,0
IN-159,25.780475,-100.189697,2026-10-20 09:00:00,0.0,0
IN-160,20.639233,-103.312480,2026-10-20 09:00:00,0.0,0
IN-161,20.639252,-103.312466,2026-10-20 09:00:00,0.0,0
IN-162,20.639491,-103.312475,2026-10-20 09:00:00,0.0,0
IN-163,20.639749,-103.312003,2026-10-20 09:00:00,0.0,0
IN-164,20.944420,-101.430388,2026-10-20 09:00:00,0.0,0
IN-165,20.943927,-101.430278,2026-10-20 09:00:00,0.0,0
IN-166,20.943711,-101.430404,2026-10-20 09:00:00,0.0,0
IN-167,25.779753,-100.189812,2026-10-20 09:00:00,0.0,0
IN-168,25.779862,-100.189904,2026-10-20 09:00:00,0.0,0
IN-169,25.779522,-100.190419,2026-10-20 09:00:00,0.0,0
IN-170,20.639467,-103.311781,2026-10-20 09:00:00,0.0,0
IN-171,20.639734,-103.312038,2026-10-20 09:00:00,0.0,0
IN-172,20.639367,-103.311806,2026-10-20 09:00:00,0.0,0
IN-173,20.639464,-103.312250,2026-10-20 09:00:00,0.0,0
IN-174,20.944401,-101.430050,2026-10-20 09:00:00,0.0,0
IN-175,20.943658,-101.429545,2026-10-20 09:00:00,0.0,0
IN-176,20.943893,-101.430401,2026-10-20 09:00:00,0.0,0
IN-177,25.780319,-100.190322,2026-10-20 09:00:00,0.0,0
IN-178,25.780427,-100.190344,2026-10-20 09:00:00,0.0,0
IN-179,25.779712,-100.189762,2026-10-20 09:00:00,0.0,0
IN-180,20.639238,-103.312260,2026-10-20 09:00:00,0.0,0
IN-181,20.639340,-103.311606,2026-10-20 09:00:00,0.0,0
IN-182,20.639891,-103.312179,2026-10-20 09:00:00,0.0,0
IN-183,20.639341,-103.312442,2026-10-20 09:00:00,0.0,0
IN-184,20.944361,-101.429782,2026-10-20 09:00:00,0.0,0
IN-185,20.944230,-101.430196,2026-10-20 09:00:00,0.0,0
IN-186,20.944311,-101.430020,2026-10-20 09:00:00,0.0,0
IN-187,25.779707,-100.190313,2026-10-20 09:00:00,0.0,0
IN-188,25.779609,-100.189791,2026-10-20 09:00:00,0.0,0
IN-189,25.779848,-100.190215,2026-10-20 09:00:00,0.0,0
IN-190,20.639796,-103.312153,2026-10-20 09:00:00,0.0,0
IN-191,20.639347,-103.311647,2026-10-20 09:00:00,0.0,0
IN-192,20.639431,-103.312357,2026-10-20 09:00:00,0.0,0
IN-193,20.639499,-103.311886,2026-10-20 09:00:00,0.0,0
IN-194,20.943946,-101.430477,2026-10-20 09:00:00,0.0,0
IN-195,20.944104,-101.429505,2026-10-20 09:00:00,0.0,0
IN-196,20.944362,-101.430470,2026-10-20 09:00:00,0.0,0
IN-197,25.780461,-100.190330,2026-10-20 09:00:00,0.0,0
IN-198,25.780325,-100.189832,2026-10-20 09:00:00,0.0,0
IN-199,25.780222,-100.189889,2026-10-20 09:00:00,0.0,0
IN-200,20.639661,-103.312275,2026-10-20 09:00:00,0.0,0
IN-201,20.639598,-103.311827,2026-10-20 09:00:00,0.0,0
IN-202,20.639320,-103.312054,2026-10-20 09:00:00,0.0,0
IN-203,20.639909,-103.312251,2026-10-20 09:00:00,0.0,0
IN-204,20.944182,-101.429881,2026-10-20 09:00:00,0.0,0
IN-205,20.943619,-101.430406,2026-10-20 09:00:00,0.0,0
IN-206,20.943722,-101.430218,2026-10-20 09:00:00,0.0,0
IN-207,25.780160,-100.189860,2026-10-20 09:00:00,0.0,0
IN-208,25.779729,-100.190002,2026-10-20 09:00:00,0.0,0
IN-209,25.779728,-100.189718,2026-10-20 09:00:00,0.0,0
IN-210,20.639431,-103.311852,2026-10-20 09:00:00,0.0,0
IN-211,20.639134,-103.311842,2026-10-20 09:00:00,0.0,0
IN-212,20.639857,-103.311602,2026-10-20 09:00:00,0.0,0
IN-213,20.639724,-103.311641,2026-10-20 09:00:00,0.0,0
IN-214,20.943813,-101.430137,2026-10-20 09:00:00,0.0,0
IN-215,20.943519,-101.430430,2026-10-20 09:00:00,0.0,0
IN-216,20.944372,-101.429811,2026-10-20 09:00:00,0.0,0
IN-217,25.780258,-100.190387,2026-10-20 09:00:00,0.0,0
IN-218,25.779541,-100.189758,2026-10-20 09:00:00,0.0,0
IN-219,25.780138,-100.190263,2026-10-20 09:00:00,0.0,0
IN-220,20.639555,-103.312383,2026-10-20 09:00:00,0.0,0
IN-221,20.639246,-103.311623,2026-10-20 09:00:00,0.0,0
IN-222,20.639749,-103.311704,2026-10-20 09:00:00,0.0,0
IN-223,20.639563,-103.311849,2026-10-20 09:00:00,0.0,0
IN-224,20.944267,-101.429813,2026-10-20 09:00:00,0.0,0
IN-225,20.943871,-101.429869,2026-10-20 09:00:00,0.0,0
IN-226,20.944256,-101.429952,2026-10-20 09:00:00,0.0,0
IN-227,25.779518,-100.189596,2026-10-20 09:00:00,0.0,0
IN-228,25.780439,-100.189578,2026-10-20 09:00:00,0.0,0
IN-229,25.779995,-100.189689,2026-10-20 09:00:00,0.0,0
IN-230,20.639857,-103.312185,2026-10-20 09:00:00,0.0,0
IN-231,20.639071,-103.312311,2026-10-20 09:00:00,0.0,0
IN-232,20.639198,-103.311866,2026-10-20 09:00:00,0.0,0
IN-233,20.639725,-103.311753,2026-10-20 09:00:00,0.0,0
IN-234,20.943802,-101.429972,2026-10-20 09:00:00,0.0,0
IN-235,20.944253,-101.429608,2026-10-20 09:00:00,0.0,0
IN-236,20.944095,-101.430086,2026-10-20 09:00:00,0.0,0
IN-237,25.779679,-100.190437,2026-10-20 09:00:00,0.0,0
IN-238,25.780473,-100.189797,2026-10-20 09:00:00,0.0,0
IN-239,25.779821,-100.189952,2026-10-20 09:00:00,0.0,0
IN-240,20.639317,-103.311984,2026-10-20 09:00:00,0.0,0
IN-241,20.639761,-103.312282,2026-10-20 09:00:00,0.0,0
IN-242,20.639097,-103.312230,2026-10-20 09:00:00,0.0,0
IN-243,20.639057,-103.311721,2026-10-20 09:00:00,0.0,0
IN-244,20.944092,-101.429827,2026-10-20 09:00:00,0.0,0
IN-245,20.943605,-101.429766,2026-10-20 09:00:00,0.0,0
IN-246,20.944235,-101.430236,2026-10-20 09:00:00,0.0,0
IN-247,25.780112,-100.190166,2026-10-20 09:00:00,0.0,0
IN-248,25.780230,-100.189610,2026-10-20 09:00:00,0.0,0
IN-249,25.780351,-100.189916,2026-10-20 09:00:00,0.0,0
IN-250,20.639772,-103.311920,2026-10-20 09:00:00,0.0,0
