Fecha,Hora,Caseta,TAG,Importe
19/10/2026,17:11:26,Caseta Demo Santa Catarina,PSD000000078,$262.00
19/10/2026,18:09:42,Caseta Demo Santa Catarina,PSD000000072,$262.00
19/10/2026,18:23:59,Caseta Demo Saltillo Norte,PSD000000078,$593.00
19/10/2026,18:35:49,Caseta Demo Zapotlanejo,PSD000000062,$536.00
19/10/2026,19:23:39,Caseta Demo Saltillo Norte,PSD000000072,$593.00
19/10/2026,19:38:08,Caseta Demo Los Chorros,PSD000000078,$603.00
19/10/2026,19:48:43,Caseta Demo Tepatitlan,PSD000000062,$315.00
19/10/2026,20:35:18,Caseta Demo Encarnacion,PSD000000062,$809.00
19/10/2026,20:36:39,Caseta Demo Los Chorros,PSD000000072,$603.00
19/10/2026,21:10:59,Caseta Demo Matehuala,PSD000000078,$264.00
19/10/2026,21:27:00,Caseta Demo Zapotlanejo,PSD000000070,$536.00
19/10/2026,22:00:27,Caseta Demo Leon Norte,PSD000000062,"$1,064.00"
19/10/2026,22:09:14,Caseta Demo Matehuala,PSD000000072,$264.00
19/10/2026,22:10:51,Caseta Demo Santa Catarina,PSD000000079,$262.00
19/10/2026,22:21:45,Caseta Demo Zapotlanejo,PSD000000101,$536.00
19/10/2026,22:40:48,Caseta Demo Tepatitlan,PSD000000070,$315.00
19/10/2026,22:42:56,Caseta Demo Vanegas,PSD000000078,$428.00
19/10/2026,22:52:51,Caseta Demo Silao Sur,PSD000000062,$449.00
19/10/2026,22:59:13,Caseta Demo Silao Sur,PSD000000100,$449.00
19/10/2026,23:04:33,Caseta Demo Zapotlanejo,PSD000000040,$536.00
19/10/2026,23:16:17,Caseta Demo Santa Catarina,PSD000000087,$262.00
19/10/2026,23:24:55,Caseta Demo Saltillo Norte,PSD000000079,$593.00
19/10/2026,23:26:45,Caseta Demo Zapotlanejo,PSD000000130,$536.00
19/10/2026,23:27:55,Caseta Demo Encarnacion,PSD000000070,$809.00
19/10/2026,23:35:39,Caseta Demo Tepatitlan,PSD000000101,$315.00
19/10/2026,23:42:17,Caseta Demo Vanegas,PSD000000072,$428.00
19/10/2026,23:56:53,Caseta Demo Santa Catarina,PSD000000009,$262.00
19/10/2026,23:57:02,Caseta Demo Ahualulco,PSD000000078,$323.00
19/10/2026,23:57:37,Caseta Demo Zapotlanejo,PSD000000052,$536.00
20/10/2026,00:06:41,Caseta Demo Villa de Reyes,PSD000000062,"$1,008.00"
20/10/2026,00:09:08,Caseta Demo Leon Norte,PSD000000011,"$1,064.00"
20/10/2026,00:09:58,Caseta Demo Santa Catarina,PSD000000048,$262.00
20/10/2026,00:12:29,Caseta Demo Villa de Reyes,PSD000000100,"$1,008.00"
20/10/2026,00:17:55,Caseta Demo Tepatitlan,PSD000000040,$315.00
20/10/2026,00:21:07,Caseta Demo Encarnacion,PSD000000101,$809.00
20/10/2026,00:21:24,Caseta Demo Zapotlanejo,PSD000000108,$536.00
20/10/2026,00:30:23,Caseta Demo Saltillo Norte,PSD000000087,$593.00
20/10/2026,00:35:19,Caseta Demo Silao Sur,PSD000000022,$449.00
20/10/2026,00:37:43,Caseta Demo Los Chorros,PSD000000079,$603.00
20/10/2026,00:39:25,Caseta Demo Vanegas,PSD000000038,$428.00
20/10/2026,00:40:30,Caseta Demo Tepatitlan,PSD000000130,$315.00
20/10/2026,00:41:44,Caseta Demo Zapotlanejo,PSD000000123,$536.00
20/10/2026,00:52:03,Caseta Demo Leon Norte,PSD000000070,"$1,064.00"
20/10/2026,00:54:09,Caseta Demo Silao Sur,PSD000000111,$449.00
20/10/2026,00:54:44,Caseta Demo Ahualulco,PSD000000072,$323.00
20/10/2026,01:02:19,Caseta Demo Silao Sur,PSD000000011,$449.00
20/10/2026,01:04:26,Caseta Demo Encarnacion,PSD000000040,$809.00
20/10/2026,01:10:29,Caseta Demo Saltillo Norte,PSD000000009,$593.00
20/10/2026,01:11:11,Caseta Demo Tepatitlan,PSD000000052,$315.00
20/10/2026,01:24:16,Caseta Demo Saltillo Norte,PSD000000048,$593.00
20/10/2026,01:27:27,Caseta Demo Encarnacion,PSD000000130,$809.00
20/10/2026,01:35:08,Caseta Demo Tepatitlan,PSD000000108,$315.00
20/10/2026,01:42:51,Caseta Demo Los Chorros,PSD000000087,$603.00
20/10/2026,01:46:20,Caseta Demo Leon Norte,PSD000000101,"$1,064.00"
20/10/2026,01:46:21,Caseta Demo Silao Sur,PSD000000070,$449.00
20/10/2026,01:47:40,Caseta Demo Villa de Reyes,PSD000000078,"$1,008.00"
20/10/2026,01:49:39,Caseta Demo Villa de Reyes,PSD000000022,"$1,008.00"
20/10/2026,01:53:30,Caseta Demo Ahualulco,PSD000000038,$323.00
20/10/2026,01:55:26,Caseta Demo Tepatitlan,PSD000000123,$315.00
20/10/2026,01:57:51,Caseta Demo Ahualulco,PSD000000062,$323.00
20/10/2026,01:58:12,Caseta Demo Encarnacion,PSD000000052,$809.00
20/10/2026,02:03:04,Caseta Demo Ahualulco,PSD000000100,$323.00
20/10/2026,02:08:01,Caseta Demo Villa de Reyes,PSD000000111,"$1,008.00"
20/10/2026,02:09:03,Caseta Demo Santa Catarina,PSD000000077,$262.00
20/10/2026,02:09:58,Caseta Demo Matehuala,PSD000000079,$264.00
20/10/2026,02:15:49,Caseta Demo Villa de Reyes,PSD000000011,"$1,008.00"
20/10/2026,02:17:22,Caseta Demo Silao Sur,PSD000000106,$449.00
20/10/2026,02:21:11,Caseta Demo Encarnacion,PSD000000108,$809.00
20/10/2026,02:22:37,Caseta Demo Zapotlanejo,PSD000000098,$536.00
20/10/2026,02:24:07,Caseta Demo Los Chorros,PSD000000009,$603.00
20/10/2026,02:26:32,Caseta Demo Silao Sur,PSD000000007,$449.00
20/10/2026,02:28:46,Caseta Demo Leon Norte,PSD000000040,"$1,064.00"
20/10/2026,02:29:26,Caseta Demo Silao Sur,PSD000000046,$449.00
20/10/2026,02:36:34,Caseta Demo Encarnacion,PSD000000091,$809.00
20/10/2026,02:36:44,Caseta Demo Saltillo Norte,PSD000000091,$593.00
20/10/2026,02:37:30,Caseta Demo Los Chorros,PSD000000048,$603.00
20/10/2026,02:38:37,Caseta Demo Saltillo Norte,PSD000000017,$593.00
20/10/2026,02:39:39,Caseta Demo Silao Sur,PSD000000101,$449.00
20/10/2026,02:40:26,Caseta Demo Silao Sur,PSD000000088,$449.00
20/10/2026,02:42:35,Caseta Demo Encarnacion,PSD000000123,$809.00
20/10/2026,02:44:35,Caseta Demo Encarnacion,PSD000000123,$809.00
20/10/2026,02:46:52,Caseta Demo Villa de Reyes,PSD000000072,"$1,008.00"
20/10/2026,02:51:03,Caseta Demo Leon Norte,PSD000000130,"$1,064.00"
20/10/2026,02:51:38,Caseta Demo Santa Catarina,PSD000000139,$262.00
20/10/2026,02:55:21,Caseta Demo Santa Catarina,PSD000000128,$262.00
20/10/2026,02:59:29,Caseta Demo Villa de Reyes,PSD000000070,"$1,008.00"
20/10/2026,03:00:32,Caseta Demo Silao Sur,PSD000000008,$449.00
20/10/2026,03:01:00,Caseta Demo Silao Sur,PSD000000078,$449.00
20/10/2026,03:03:17,Caseta Demo Silao Sur,PSD000000042,$449.00
20/10/2026,03:08:35,Caseta Demo Zapotlanejo,PSD000000060,$536.00
20/10/2026,03:10:13,Caseta Demo Ahualulco,PSD000000047,$323.00
20/10/2026,03:11:36,Caseta Demo Vanegas,PSD000000062,$428.00
20/10/2026,03:15:56,Caseta Demo Matehuala,PSD000000087,$264.00
20/10/2026,03:16:16,Caseta Demo Vanegas,PSD000000100,$428.00
20/10/2026,03:19:34,Caseta Demo Santa Catarina,PSD000000138,$262.00
20/10/2026,03:20:27,Caseta Demo Leon Norte,PSD000000063,"$1,064.00"
20/10/2026,03:22:11,Caseta Demo Silao Sur,PSD000000040,$449.00
20/10/2026,03:22:20,Caseta Demo Silao Sur,PSD000000030,$449.00
20/10/2026,03:22:26,Caseta Demo Encarnacion,PSD000000030,$809.00
20/10/2026,03:22:26,Caseta Demo Leon Norte,PSD000000052,"$1,064.00"
20/10/2026,03:22:53,Caseta Demo Saltillo Norte,PSD000000077,$593.00
20/10/2026,03:29:12,Caseta Demo Zapotlanejo,PSD000000075,$536.00
20/10/2026,03:31:09,Caseta Demo Villa de Reyes,PSD000000106,"$1,008.00"
20/10/2026,03:37:02,Caseta Demo Tepatitlan,PSD000000098,$315.00
20/10/2026,03:40:00,Caseta Demo Villa de Reyes,PSD000000007,"$1,008.00"
20/10/2026,03:40:24,Caseta Demo Zapotlanejo,PSD000000061,$536.00
20/10/2026,03:40:25,Caseta Demo Ahualulco,PSD000000022,$323.00
20/10/2026,03:41:05,Caseta Demo Los Chorros,PSD000000061,$603.00
20/10/2026,03:42:05,Caseta Demo Villa de Reyes,PSD000000046,"$1,008.00"
20/10/2026,03:42:50,Caseta Demo Vanegas,PSD000000079,$428.00
20/10/2026,03:44:23,Caseta Demo Villa de Reyes,PSD000000038,"$1,008.00"
20/10/2026,03:45:14,Caseta Demo Silao Sur,PSD000000130,$449.00
20/10/2026,03:45:30,Caseta Demo Leon Norte,PSD000000108,"$1,064.00"
20/10/2026,03:48:49,Caseta Demo Santa Catarina,PSD000000018,$262.00
20/10/2026,03:50:13,Caseta Demo Los Chorros,PSD000000091,$603.00
20/10/2026,03:53:08,Caseta Demo Los Chorros,PSD000000017,$603.00
20/10/2026,03:54:12,Caseta Demo Villa de Reyes,PSD000000101,"$1,008.00"
20/10/2026,03:54:23,Caseta Demo Villa de Reyes,PSD000000088,"$1,008.00"
20/10/2026,03:54:47,Caseta Demo Leon Norte,PSD000000078,"$1,064.00"
20/10/2026,03:56:29,Caseta Demo Matehuala,PSD000000009,$264.00
20/10/2026,03:58:42,Caseta Demo Ahualulco,PSD000000111,$323.00
20/10/2026,03:59:35,Caseta Demo Silao Sur,PSD000000072,$449.00
20/10/2026,04:06:20,Caseta Demo Saltillo Norte,PSD000000139,$593.00
20/10/2026,04:06:49,Caseta Demo Leon Norte,PSD000000123,"$1,064.00"
20/10/2026,04:06:55,Caseta Demo Ahualulco,PSD000000011,$323.00
20/10/2026,04:08:45,Caseta Demo Saltillo Norte,PSD000000128,$593.00
20/10/2026,04:09:37,Caseta Demo Matehuala,PSD000000048,$264.00
20/10/2026,04:15:04,Caseta Demo Villa de Reyes,PSD000000008,"$1,008.00"
20/10/2026,04:16:09,Caseta Demo Silao Sur,PSD000000052,$449.00
20/10/2026,04:16:54,Caseta Demo Villa de Reyes,PSD000000042,"$1,008.00"
20/10/2026,04:22:30,Caseta Demo Encarnacion,PSD000000098,$809.00
20/10/2026,04:23:13,Caseta Demo Tepatitlan,PSD000000060,$315.00
20/10/2026,04:24:02,Caseta Demo Vanegas,PSD000000047,$428.00
20/10/2026,04:33:45,Caseta Demo Saltillo Norte,PSD000000138,$593.00
20/10/2026,04:36:17,Caseta Demo Los Chorros,PSD000000077,$603.00
20/10/2026,04:36:56,Caseta Demo Villa de Reyes,PSD000000040,"$1,008.00"
20/10/2026,04:37:04,Caseta Demo Villa de Reyes,PSD000000030,"$1,008.00"
20/10/2026,04:39:04,Caseta Demo Villa de Reyes,PSD000000030,"$1,008.00"
20/10/2026,04:39:25,Caseta Demo Silao Sur,PSD000000108,$449.00
20/10/2026,04:42:04,Caseta Demo Tepatitlan,PSD000000075,$315.00
20/10/2026,04:43:23,Caseta Demo Saltillo Norte,PSD000000019,$593.00
20/10/2026,04:44:00,Caseta Demo Matehuala,PSD000000062,$264.00
20/10/2026,04:44:56,Caseta Demo Encarnacion,PSD000000063,$809.00
20/10/2026,04:47:30,Caseta Demo Vanegas,PSD000000087,$428.00
20/10/2026,04:48:59,Caseta Demo Matehuala,PSD000000100,$264.00
20/10/2026,04:50:44,Caseta Demo Silao Sur,PSD000000031,$449.00
20/10/2026,04:51:21,Caseta Demo Ahualulco,PSD000000070,$323.00
20/10/2026,04:53:14,Caseta Demo Leon Norte,PSD000000072,"$1,064.00"
20/10/2026,04:54:32,Caseta Demo Tepatitlan,PSD000000061,$315.00
20/10/2026,04:54:53,Caseta Demo Vanegas,PSD000000022,$428.00
20/10/2026,04:56:54,Caseta Demo Ahualulco,PSD000000079,$323.00
20/10/2026,04:57:31,Caseta Demo Silao Sur,PSD000000038,$449.00
20/10/2026,04:57:46,Caseta Demo Zapotlanejo,PSD000000133,$536.00
20/10/2026,04:59:33,Caseta Demo Villa de Reyes,PSD000000130,"$1,008.00"
20/10/2026,05:00:20,Caseta Demo Silao Sur,PSD000000123,$449.00
20/10/2026,05:02:22,Caseta Demo Saltillo Norte,PSD000000018,$593.00
20/10/2026,05:04:11,Caseta Demo Zapotlanejo,PSD000000110,$536.00
20/10/2026,05:05:20,Caseta Demo Matehuala,PSD000000035,$264.00
20/10/2026,05:09:10,Caseta Demo Encarnacion,PSD000000060,$809.00
20/10/2026,05:12:01,Caseta Demo Vanegas,PSD000000111,$428.00
20/10/2026,05:18:55,Caseta Demo Los Chorros,PSD000000139,$603.00
20/10/2026,05:19:31,Caseta Demo Encarnacion,PSD000000078,$809.00
20/10/2026,05:21:15,Caseta Demo Vanegas,PSD000000011,$428.00
20/10/2026,05:22:08,Caseta Demo Los Chorros,PSD000000128,$603.00
20/10/2026,05:22:10,Caseta Demo Matehuala,PSD000000091,$264.00
20/10/2026,05:22:28,Caseta Demo Ahualulco,PSD000000106,$323.00
20/10/2026,05:25:01,Caseta Demo Matehuala,PSD000000017,$264.00
20/10/2026,05:28:19,Caseta Demo Encarnacion,PSD000000075,$809.00
20/10/2026,05:29:25,Caseta Demo Vanegas,PSD000000009,$428.00
20/10/2026,05:30:21,Caseta Demo Villa de Reyes,PSD000000052,"$1,008.00"
20/10/2026,05:30:51,Caseta Demo Ahualulco,PSD000000007,$323.00
20/10/2026,05:31:16,Caseta Demo Tepatitlan,PSD000000063,$315.00
20/10/2026,05:32:41,Caseta Demo Leon Norte,PSD000000120,"$1,064.00"
20/10/2026,05:32:42,Caseta Demo Ahualulco,PSD000000046,$323.00
20/10/2026,05:35:55,Caseta Demo Silao Sur,PSD000000005,$449.00
20/10/2026,05:41:07,Caseta Demo Encarnacion,PSD000000061,$809.00
20/10/2026,05:42:36,Caseta Demo Vanegas,PSD000000048,$428.00
20/10/2026,05:45:03,Caseta Demo Ahualulco,PSD000000088,$323.00
20/10/2026,05:45:08,Caseta Demo Ahualulco,PSD000000101,$323.00
20/10/2026,05:46:24,Caseta Demo Ahualulco,PSD000000069,$323.00
20/10/2026,05:47:43,Caseta Demo Los Chorros,PSD000000138,$603.00
20/10/2026,05:48:20,Caseta Demo Leon Norte,PSD000000098,"$1,064.00"
20/10/2026,05:51:04,Caseta Demo Leon Norte,PSD000000038,"$1,064.00"
20/10/2026,05:52:11,Caseta Demo Zapotlanejo,PSD000000121,$536.00
20/10/2026,05:53:15,Caseta Demo Villa de Reyes,PSD000000064,"$1,008.00"
20/10/2026,05:53:23,Caseta Demo Villa de Reyes,PSD000000108,"$1,008.00"
20/10/2026,05:56:22,Caseta Demo Matehuala,PSD000000047,$264.00
20/10/2026,05:56:40,Caseta Demo Leon Norte,PSD000000116,"$1,064.00"
20/10/2026,05:57:42,Caseta Demo Los Chorros,PSD000000019,$603.00
20/10/2026,06:01:49,Caseta Demo Zapotlanejo,PSD000000003,$536.00
20/10/2026,06:02:31,Caseta Demo Ahualulco,PSD000000087,$323.00
20/10/2026,06:04:40,Caseta Demo Villa de Reyes,PSD000000031,"$1,008.00"
20/10/2026,06:04:53,Caseta Demo Vanegas,PSD000000070,$428.00
20/10/2026,06:05:36,Caseta Demo Tepatitlan,PSD000000078,$315.00
20/10/2026,06:06:01,Caseta Demo Ahualulco,PSD000000008,$323.00
20/10/2026,06:06:37,Caseta Demo Santa Catarina,PSD000000127,$262.00
20/10/2026,06:07:37,Caseta Demo Zapotlanejo,PSD000000093,$536.00
20/10/2026,06:07:48,Caseta Demo Santa Catarina,PSD000000057,$262.00
20/10/2026,06:08:25,Caseta Demo Ahualulco,PSD000000042,$323.00
20/10/2026,06:09:09,Caseta Demo Matehuala,PSD000000077,$264.00
20/10/2026,06:11:22,Caseta Demo Tepatitlan,PSD000000133,$315.00
20/10/2026,06:11:25,Caseta Demo Los Chorros,PSD000000133,$603.00
20/10/2026,06:14:01,Caseta Demo Villa de Reyes,PSD000000123,"$1,008.00"
20/10/2026,06:15:22,Caseta Demo Los Chorros,PSD000000018,$603.00
20/10/2026,06:17:07,Caseta Demo Los Chorros,PSD000000062,$603.00
20/10/2026,06:17:59,Caseta Demo Encarnacion,PSD000000072,$809.00
20/10/2026,06:18:27,Caseta Demo Matehuala,PSD000000110,$264.00
20/10/2026,06:18:30,Caseta Demo Tepatitlan,PSD000000110,$315.00
20/10/2026,06:20:53,Caseta Demo Los Chorros,PSD000000100,$603.00
20/10/2026,06:26:23,Caseta Demo Matehuala,PSD000000022,$264.00
20/10/2026,06:26:38,Caseta Demo Ahualulco,PSD000000135,$323.00
20/10/2026,06:26:55,Caseta Demo Silao Sur,PSD000000120,$449.00
20/10/2026,06:27:53,Caseta Demo Ahualulco,PSD000000040,$323.00
20/10/2026,06:28:17,Caseta Demo Ahualulco,PSD000000030,$323.00
20/10/2026,06:29:48,Caseta Demo Santa Catarina,PSD000000037,$262.00
20/10/2026,06:33:45,Caseta Demo Leon Norte,PSD000000060,"$1,064.00"
20/10/2026,06:35:51,Caseta Demo Vanegas,PSD000000106,$428.00
20/10/2026,06:37:55,Caseta Demo Los Chorros,PSD000000035,$603.00
20/10/2026,06:42:08,Caseta Demo Ahualulco,PSD000000009,$323.00
20/10/2026,06:42:11,Caseta Demo Silao Sur,PSD000000098,$449.00
20/10/2026,06:44:14,Caseta Demo Vanegas,PSD000000007,$428.00
20/10/2026,06:44:19,Caseta Demo Matehuala,PSD000000111,$264.00
20/10/2026,06:44:39,Caseta Demo Santa Catarina,PSD000000129,$262.00
20/10/2026,06:45:35,Caseta Demo Zapotlanejo,PSD000000063,$536.00
20/10/2026,06:46:52,Caseta Demo Villa de Reyes,PSD000000079,"$1,008.00"
20/10/2026,06:47:12,Caseta Demo Vanegas,PSD000000046,$428.00
20/10/2026,06:48:25,Caseta Demo Zapotlanejo,PSD000000080,$536.00
20/10/2026,06:49:09,Caseta Demo Silao Sur,PSD000000125,$449.00
20/10/2026,06:49:16,Caseta Demo Villa de Reyes,PSD000000005,"$1,008.00"
20/10/2026,06:49:30,Caseta Demo Ahualulco,PSD000000130,$323.00
20/10/2026,06:49:40,Caseta Demo Santa Catarina,PSD000000029,$262.00
20/10/2026,06:51:29,Caseta Demo Matehuala,PSD000000139,$264.00
20/10/2026,06:52:51,Caseta Demo Matehuala,PSD000000011,$264.00
20/10/2026,06:53:48,Caseta Demo Leon Norte,PSD000000075,"$1,064.00"
20/10/2026,06:54:29,Caseta Demo Matehuala,PSD000000128,$264.00
20/10/2026,06:55:24,Caseta Demo Vanegas,PSD000000091,$428.00
20/10/2026,06:56:42,Caseta Demo Ahualulco,PSD000000048,$323.00
20/10/2026,06:57:36,Caseta Demo Vanegas,PSD000000017,$428.00
20/10/2026,06:58:06,Caseta Demo Encarnacion,PSD000000133,$809.00
20/10/2026,06:58:30,Caseta Demo Vanegas,PSD000000088,$428.00
20/10/2026,06:58:58,Caseta Demo Vanegas,PSD000000101,$428.00
20/10/2026,07:00:38,Caseta Demo Vanegas,PSD000000069,$428.00
20/10/2026,07:01:28,Caseta Demo Leon Norte,PSD000000015,"$1,064.00"
20/10/2026,07:05:05,Caseta Demo Tepatitlan,PSD000000072,$315.00
20/10/2026,07:05:14,Caseta Demo Encarnacion,PSD000000110,$809.00
20/10/2026,07:05:25,Caseta Demo Tepatitlan,PSD000000121,$315.00
20/10/2026,07:05:54,Caseta Demo Leon Norte,PSD000000061,"$1,064.00"
20/10/2026,07:06:28,Caseta Demo Silao Sur,PSD000000083,$449.00
20/10/2026,07:08:27,Caseta Demo Silao Sur,PSD000000064,$449.00
20/10/2026,07:08:55,Caseta Demo Villa de Reyes,PSD000000085,"$1,008.00"
20/10/2026,07:09:04,Caseta Demo Leon Norte,PSD000000095,"$1,064.00"
20/10/2026,07:09:15,Caseta Demo Zapotlanejo,PSD000000113,$536.00
20/10/2026,07:09:28,Caseta Demo Villa de Reyes,PSD000000095,"$1,008.00"
20/10/2026,07:16:10,Caseta Demo Zapotlanejo,PSD000000050,$536.00
20/10/2026,07:16:24,Caseta Demo Encarnacion,PSD000000038,$809.00
20/10/2026,07:16:25,Caseta Demo Silao Sur,PSD000000114,$449.00
20/10/2026,07:16:32,Caseta Demo Tepatitlan,PSD000000003,$315.00
20/10/2026,07:19:18,Caseta Demo Leon Norte,PSD000000107,"$1,064.00"
20/10/2026,07:19:25,Caseta Demo Zapotlanejo,PSD000000078,$536.00
20/10/2026,07:19:44,Caseta Demo Saltillo Norte,PSD000000127,$593.00
20/10/2026,07:20:12,Caseta Demo Vanegas,PSD000000008,$428.00
20/10/2026,07:20:30,Caseta Demo Tepatitlan,PSD000000093,$315.00
20/10/2026,07:20:42,Caseta Demo Matehuala,PSD000000138,$264.00
20/10/2026,07:20:52,Caseta Demo Vanegas,PSD000000042,$428.00
20/10/2026,07:21:09,Caseta Demo Saltillo Norte,PSD000000057,$593.00
20/10/2026,07:21:36,Caseta Demo Encarnacion,PSD000000116,$809.00
20/10/2026,07:21:37,Caseta Demo Ahualulco,PSD000000052,$323.00
20/10/2026,07:22:14,Caseta Demo Villa de Reyes,PSD000000116,"$1,008.00"
20/10/2026,07:24:22,Caseta Demo Zapotlanejo,PSD000000090,$536.00
20/10/2026,07:25:32,Caseta Demo Villa de Reyes,PSD000000140,"$1,008.00"
20/10/2026,07:28:24,Caseta Demo Silao Sur,PSD000000060,$449.00
20/10/2026,07:28:56,Caseta Demo Los Chorros,PSD000000047,$603.00
20/10/2026,07:29:38,Caseta Demo Santa Catarina,PSD000000118,$262.00
20/10/2026,07:30:19,Caseta Demo Matehuala,PSD000000019,$264.00
20/10/2026,07:30:52,Caseta Demo Saltillo Norte,PSD000000062,$593.00
20/10/2026,07:34:23,Caseta Demo Leon Norte,PSD000000026,"$1,064.00"
20/10/2026,07:35:17,Caseta Demo Saltillo Norte,PSD000000100,$593.00
20/10/2026,07:36:32,Caseta Demo Matehuala,PSD000000070,$264.00
20/10/2026,07:36:38,Caseta Demo Zapotlanejo,PSD000000021,$536.00
20/10/2026,07:36:53,Caseta Demo Zapotlanejo,PSD000000020,$536.00
20/10/2026,07:37:54,Caseta Demo Silao Sur,PSD000000066,$449.00
20/10/2026,07:40:20,Caseta Demo Villa de Reyes,PSD000000120,"$1,008.00"
20/10/2026,07:40:22,Caseta Demo Vanegas,PSD000000135,$428.00
20/10/2026,07:40:58,Caseta Demo Vanegas,PSD000000040,$428.00
20/10/2026,07:41:00,Caseta Demo Vanegas,PSD000000077,$428.00
20/10/2026,07:41:48,Caseta Demo Vanegas,PSD000000030,$428.00
20/10/2026,07:43:35,Caseta Demo Ahualulco,PSD000000108,$323.00
20/10/2026,07:45:52,Caseta Demo Silao Sur,PSD000000055,$449.00
20/10/2026,07:47:51,Caseta Demo Matehuala,PSD000000018,$264.00
20/10/2026,07:51:48,Caseta Demo Villa de Reyes,PSD000000035,"$1,008.00"
20/10/2026,07:51:51,Caseta Demo Saltillo Norte,PSD000000035,$593.00
20/10/2026,07:51:57,Caseta Demo Encarnacion,PSD000000121,$809.00
20/10/2026,07:52:04,Caseta Demo Leon Norte,PSD000000027,"$1,064.00"
20/10/2026,07:52:57,Caseta Demo Villa de Reyes,PSD000000087,"$1,008.00"
20/10/2026,07:54:06,Caseta Demo Silao Sur,PSD000000015,$449.00
20/10/2026,07:54:41,Caseta Demo Silao Sur,PSD000000073,$449.00
20/10/2026,07:54:48,Caseta Demo Ahualulco,PSD000000031,$323.00
20/10/2026,07:54:49,Caseta Demo Villa de Reyes,PSD000000098,"$1,008.00"
20/10/2026,07:55:00,Caseta Demo Santa Catarina,PSD000000073,$262.00
20/10/2026,07:57:12,Caseta Demo Zapotlanejo,PSD000000102,$536.00
20/10/2026,07:58:44,Caseta Demo Saltillo Norte,PSD000000129,$593.00
20/10/2026,07:59:14,Caseta Demo Los Chorros,PSD000000022,$603.00
20/10/2026,07:59:37,Caseta Demo Santa Catarina,PSD000000041,$262.00
20/10/2026,08:00:58,Caseta Demo Silao Sur,PSD000000079,$449.00
20/10/2026,08:01:32,Caseta Demo Leon Norte,PSD000000064,"$1,064.00"
20/10/2026,08:01:45,Caseta Demo Encarnacion,PSD000000003,$809.00
20/10/2026,08:02:05,Caseta Demo Tepatitlan,PSD000000038,$315.00
20/10/2026,08:02:30,Caseta Demo Villa de Reyes,PSD000000125,"$1,008.00"
20/10/2026,08:02:59,Caseta Demo Tepatitlan,PSD000000080,$315.00
20/10/2026,08:03:45,Caseta Demo Vanegas,PSD000000130,$428.00
20/10/2026,08:04:18,Caseta Demo Santa Catarina,PSD000000099,$262.00
20/10/2026,08:04:49,Caseta Demo Zapotlanejo,PSD000000013,$536.00
20/10/2026,08:05:33,Caseta Demo Ahualulco,PSD000000123,$323.00
20/10/2026,08:05:40,Caseta Demo Santa Catarina,PSD000000117,$262.00
20/10/2026,08:06:55,Caseta Demo Encarnacion,PSD000000092,$809.00
20/10/2026,08:07:10,Caseta Demo Santa Catarina,PSD000000137,$262.00
20/10/2026,08:07:18,Caseta Demo Encarnacion,PSD000000093,$809.00
20/10/2026,08:08:10,Caseta Demo Ahualulco,PSD000000091,$323.00
20/10/2026,08:08:16,Caseta Demo Tepatitlan,PSD000000116,$315.00
20/10/2026,08:09:09,Caseta Demo Matehuala,PSD000000106,$264.00
20/10/2026,08:10:46,Caseta Demo Ahualulco,PSD000000017,$323.00
20/10/2026,08:17:36,Caseta Demo Matehuala,PSD000000007,$264.00
20/10/2026,08:17:54,Caseta Demo Los Chorros,PSD000000111,$603.00
20/10/2026,08:18:33,Caseta Demo Zapotlanejo,PSD000000072,$536.00
20/10/2026,08:18:47,Caseta Demo Leon Norte,PSD000000025,"$1,064.00"
20/10/2026,08:19:29,Caseta Demo Matehuala,PSD000000046,$264.00
20/10/2026,08:20:11,Caseta Demo Villa de Reyes,PSD000000083,"$1,008.00"
20/10/2026,08:22:15,Caseta Demo Leon Norte,PSD000000133,"$1,064.00"
20/10/2026,08:23:05,Caseta Demo Silao Sur,PSD000000085,$449.00
20/10/2026,08:23:42,Caseta Demo Vanegas,PSD000000139,$428.00
20/10/2026,08:24:10,Caseta Demo Tepatitlan,PSD000000113,$315.00
20/10/2026,08:25:54,Caseta Demo Los Chorros,PSD000000011,$603.00
20/10/2026,08:26:03,Caseta Demo Leon Norte,PSD000000115,"$1,064.00"
20/10/2026,08:26:57,Caseta Demo Vanegas,PSD000000128,$428.00
20/10/2026,08:27:11,Caseta Demo Villa de Reyes,PSD000000076,"$1,008.00"
20/10/2026,08:28:04,Caseta Demo Silao Sur,PSD000000026,$449.00
20/10/2026,08:28:28,Caseta Demo Silao Sur,PSD000000045,$449.00
20/10/2026,08:29:01,Caseta Demo Zapotlanejo,PSD000000112,$536.00
20/10/2026,08:29:12,Caseta Demo Tepatitlan,PSD000000050,$315.00
20/10/2026,08:29:21,Caseta Demo Villa de Reyes,PSD000000114,"$1,008.00"
20/10/2026,08:30:01,Caseta Demo Matehuala,PSD000000088,$264.00
20/10/2026,08:30:01,Caseta Demo Matehuala,PSD000000101,$264.00
20/10/2026,08:31:12,Caseta Demo Tepatitlan,PSD000000050,$315.00
20/10/2026,08:33:12,Caseta Demo Zapotlanejo,PSD000000032,$536.00
20/10/2026,08:33:15,Caseta Demo Matehuala,PSD000000069,$264.00
20/10/2026,08:34:11,Caseta Demo Villa de Reyes,PSD000000009,"$1,008.00"
20/10/2026,08:34:31,Caseta Demo Los Chorros,PSD000000127,$603.00
20/10/2026,08:34:46,Caseta Demo Santa Catarina,PSD000000119,$262.00
20/10/2026,08:34:58,Caseta Demo Los Chorros,PSD000000057,$603.00
20/10/2026,08:35:12,Caseta Demo Vanegas,PSD000000052,$428.00
20/10/2026,08:36:54,Caseta Demo Silao Sur,PSD000000086,$449.00
20/10/2026,08:37:30,Caseta Demo Zapotlanejo,PSD000000012,$536.00
20/10/2026,08:37:34,Caseta Demo Zapotlanejo,PSD000000033,$536.00
20/10/2026,08:38:13,Caseta Demo Tepatitlan,PSD000000090,$315.00
20/10/2026,08:40:21,Caseta Demo Silao Sur,PSD000000140,$449.00
20/10/2026,08:40:29,Caseta Demo Ahualulco,PSD000000005,$323.00
20/10/2026,08:41:21,Caseta Demo Villa de Reyes,PSD000000060,"$1,008.00"
20/10/2026,08:41:34,Caseta Demo Silao Sur,PSD000000065,$449.00
20/10/2026,08:43:08,Caseta Demo Saltillo Norte,PSD000000047,$593.00
20/10/2026,08:44:50,Caseta Demo Santa Catarina,PSD000000062,$262.00
20/10/2026,08:45:08,Caseta Demo Saltillo Norte,PSD000000047,$593.00
20/10/2026,08:46:28,Caseta Demo Zapotlanejo,PSD000000082,$536.00
20/10/2026,08:47:15,Caseta Demo Villa de Reyes,PSD000000048,"$1,008.00"
20/10/2026,08:48:45,Caseta Demo Santa Catarina,PSD000000058,$262.00
20/10/2026,08:49:00,Caseta Demo Tepatitlan,PSD000000021,$315.00
20/10/2026,08:49:07,Caseta Demo Encarnacion,PSD000000080,$809.00
20/10/2026,08:50:56,Caseta Demo Tepatitlan,PSD000000020,$315.00
20/10/2026,08:51:41,Caseta Demo Silao Sur,PSD000000054,$449.00
20/10/2026,08:51:50,Caseta Demo Villa de Reyes,PSD000000066,"$1,008.00"
20/10/2026,08:52:25,Caseta Demo Matehuala,PSD000000008,$264.00
20/10/2026,08:52:29,Caseta Demo Leon Norte,PSD000000131,"$1,064.00"
20/10/2026,08:52:34,Caseta Demo Vanegas,PSD000000138,$428.00
20/10/2026,08:53:13,Caseta Demo Tepatitlan,PSD000000092,$315.00
20/10/2026,08:54:01,Caseta Demo Ahualulco,PSD000000077,$323.00
20/10/2026,08:55:24,Caseta Demo Zapotlanejo,PSD000000051,$536.00
20/10/2026,08:56:48,Caseta Demo Silao Sur,PSD000000023,$449.00
20/10/2026,08:57:55,Caseta Demo Silao Sur,PSD000000081,$449.00
20/10/2026,08:57:59,Caseta Demo Vanegas,PSD000000108,$428.00
20/10/2026,08:59:17,Caseta Demo Villa de Reyes,PSD000000055,"$1,008.00"
