tag;unidad;proveedor
PSD000000001;IN-001;PASE (demo)
PSD000000002;IN-002;PASE (demo)
PSD000000003;IN-003;PASE (demo)
PSD000000004;IN-004;PASE (demo)
PSD000000005;IN-005;PASE (demo)
PSD000000006;IN-006;PASE (demo)
PSD000000007;IN-007;PASE (demo)
PSD000000008;IN-008;PASE (demo)
PSD000000009;IN-009;PASE (demo)
PSD000000010;IN-010;PASE (demo)
PSD000000011;IN-011;PASE (demo)
PSD000000012;IN-012;PASE (demo)
PSD000000013;IN-013;PASE (demo)
PSD000000014;IN-014;PASE (demo)
PSD000000015;IN-015;PASE (demo)
PSD000000016;IN-016;PASE (demo)
PSD000000017;IN-017;PASE (demo)
PSD000000018;IN-018;PASE (demo)
PSD000000019;IN-019;PASE (demo)
PSD000000020;IN-020;PASE (demo)
PSD000000021;IN-021;PASE (demo)
PSD000000022;IN-022;PASE (demo)
PSD000000023;IN-023;PASE (demo)
PSD000000024;IN-024;PASE (demo)
PSD000000025;IN-025;PASE (demo)
PSD000000026;IN-026;PASE (demo)
PSD000000027;IN-027;PASE (demo)
PSD000000028;IN-028;PASE (demo)
PSD000000029;IN-029;PASE (demo)
PSD000000030;IN-030;PASE (demo)
PSD000000031;IN-031;PASE (demo)
PSD000000032;IN-032;PASE (demo)
PSD000000033;IN-033;PASE (demo)
PSD000000034;IN-034;PASE (demo)
PSD000000035;IN-035;PASE (demo)
PSD000000036;IN-036;PASE (demo)
PSD000000037;IN-037;PASE (demo)
PSD000000038;IN-038;PASE (demo)
PSD000000039;IN-039;PASE (demo)
PSD000000040;IN-040;PASE (demo)
PSD000000041;IN-041;PASE (demo)
PSD000000042;IN-042;PASE (demo)
PSD000000043;IN-043;PASE (demo)
PSD000000044;IN-044;PASE (demo)
PSD000000045;IN-045;PASE (demo)
PSD000000046;IN-046;PASE (demo)
PSD000000047;IN-047;PASE (demo)
PSD000000048;IN-048;PASE (demo)
PSD000000049;IN-049;PASE (demo)
PSD000000050;IN-050;PASE (demo)
PSD000000051;IN-051;PASE (demo)
PSD000000052;IN-052;PASE (demo)
PSD000000053;IN-053;PASE (demo)
PSD000000054;IN-054;PASE (demo)
PSD000000055;IN-055;PASE (demo)
PSD000000056;IN-056;PASE (demo)
PSD000000057;IN-057;PASE (demo)
PSD000000058;IN-058;PASE (demo)
PSD000000059;IN-059;PASE (demo)
PSD000000060;IN-060;PASE (demo)
PSD000000061;IN-061;PASE (demo)
PSD000000062;IN-062;PASE (demo)
PSD000000063;IN-063;PASE (demo)
PSD000000064;IN-064;PASE (demo)
PSD000000065;IN-065;PASE (demo)
PSD000000066;IN-066;PASE (demo)
PSD000000067;IN-067;PASE (demo)
PSD000000068;IN-068;PASE (demo)
PSD000000069;IN-069;PASE (demo)
PSD000000070;IN-070;PASE (demo)
PSD000000071;IN-071;PASE (demo)
PSD000000072;IN-072;PASE (demo)
PSD000000073;IN-073;PASE (demo)
PSD000000074;IN-074;PASE (demo)
PSD000000075;IN-075;PASE (demo)
PSD000000076;IN-076;PASE (demo)
PSD000000077;IN-077;PASE (demo)
PSD000000078;IN-078;PASE (demo)
PSD000000079;IN-079;PASE (demo)
PSD000000080;IN-080;PASE (demo)
PSD000000081;IN-081;PASE (demo)
PSD000000082;IN-082;PASE (demo)
PSD000000083;IN-083;PASE (demo)
PSD000000084;IN-084;PASE (demo)
PSD000000085;IN-085;PASE (demo)
PSD000000086;IN-086;PASE (demo)
PSD000000087;IN-087;PASE (demo)
PSD000000088;IN-088;PASE (demo)
PSD000000089;IN-089;PASE (demo)
PSD000000090;IN-090;PASE (demo)
PSD000000091;IN-091;PASE (demo)
PSD000000092;IN-092;PASE (demo)
PSD000000093;IN-093;PASE (demo)
PSD000000094;IN-094;PASE (demo)
PSD000000095;IN-095;PASE (demo)
PSD000000096;IN-096;PASE (demo)
PSD000000097;IN-097;PASE (demo)
PSD000000098;IN-098;PASE (demo)
PSD000000099;IN-099;PASE (demo)
PSD000000100;IN-100;PASE (demo)
PSD000000101;IN-101;PASE (demo)
PSD000000102;IN-102;PASE (demo)
PSD000000103;IN-103;PASE (demo)
PSD000000104;IN-104;PASE (demo)
PSD000000105;IN-105;PASE (demo)
PSD000000106;IN-106;PASE (demo)
PSD000000107;IN-107;PASE (demo)
PSD000000108;IN-108;PASE (demo)
PSD000000109;IN-109;PASE (demo)
PSD000000110;IN-110;PASE (demo)
PSD000000111;IN-111;PASE (demo)
PSD000000112;IN-112;PASE (demo)
PSD000000113;IN-113;PASE (demo)
PSD000000114;IN-114;PASE (demo)
PSD000000115;IN-115;PASE (demo)
PSD000000116;IN-116;PASE (demo)
PSD000000117;IN-117;PASE (demo)
PSD000000118;IN-118;PASE (demo)
PSD000000119;IN-119;PASE (demo)
PSD000000120;IN-120;PASE (demo)
PSD000000121;IN-121;PASE (demo)
PSD000000122;IN-122;PASE (demo)
PSD000000123;IN-123;PASE (demo)
PSD000000124;IN-124;PASE (demo)
PSD000000125;IN-125;PASE (demo)
PSD000000126;IN-126;PASE (demo)
PSD000000127;IN-127;PASE (demo)
PSD000000128;IN-128;PASE (demo)
PSD000000129;IN-129;PASE (demo)
PSD000000130;IN-130;PASE (demo)
PSD000000131;IN-131;PASE (demo)
PSD000000132;IN-132;PASE (demo)
PSD000000133;IN-133;PASE (demo)
PSD000000134;IN-134;PASE (demo)
PSD000000135;IN-135;PASE (demo)
PSD000000136;IN-136;PASE (demo)
PSD000000137;IN-137;PASE (demo)
PSD000000138;IN-138;PASE (demo)
PSD000000139;IN-139;PASE (demo)
PSD000000140;IN-140;PASE (demo)
PSD000000141;IN-141;PASE (demo)
PSD000000142;IN-142;PASE (demo)
PSD000000143;IN-143;PASE (demo)
PSD000000144;IN-144;PASE (demo)
PSD000000145;IN-145;PASE (demo)
PSD000000146;IN-146;PASE (demo)
PSD000000147;IN-147;PASE (demo)
PSD000000148;IN-148;PASE (demo)
PSD000000149;IN-149;PASE (demo)
PSD000000150;IN-150;PASE (demo)
PSD000000151;IN-151;PASE (demo)
PSD000000152;IN-152;PASE (demo)
PSD000000153;IN-153;PASE (demo)
PSD000000154;IN-154;PASE (demo)
PSD000000155;IN-155;PASE (demo)
PSD000000156;IN-156;PASE (demo)
PSD000000157;IN-157;PASE (demo)
PSD000000158;IN-158;PASE (demo)
PSD000000159;IN-159;PASE (demo)
PSD000000160;IN-160;PASE (demo)
PSD000000161;IN-161;PASE (demo)
PSD000000162;IN-162;PASE (demo)
PSD000000163;IN-163;PASE (demo)
PSD000000164;IN-164;PASE (demo)
PSD000000165;IN-165;PASE (demo)
PSD000000166;IN-166;PASE (demo)
PSD000000167;IN-167;PASE (demo)
PSD000000168;IN-168;PASE (demo)
PSD000000169;IN-169;PASE (demo)
PSD000000170;IN-170;PASE (demo)
PSD000000171;IN-171;PASE (demo)
PSD000000172;IN-172;PASE (demo)
PSD000000173;IN-173;PASE (demo)
PSD000000174;IN-174;PASE (demo)
PSD000000175;IN-175;PASE (demo)
PSD000000176;IN-176;PASE (demo)
PSD000000177;IN-177;PASE (demo)
PSD000000178;IN-178;PASE (demo)
PSD000000179;IN-179;PASE (demo)
PSD000000180;IN-180;PASE (demo)
PSD000000181;IN-181;PASE (demo)
PSD000000182;IN-182;PASE (demo)
PSD000000183;IN-183;PASE (demo)
PSD000000184;IN-184;PASE (demo)
PSD000000185;IN-185;PASE (demo)
PSD000000186;IN-186;PASE (demo)
PSD000000187;IN-187;PASE (demo)
PSD000000188;IN-188;PASE (demo)
PSD000000189;IN-189;PASE (demo)
PSD000000190;IN-190;PASE (demo)
PSD000000191;IN-191;PASE (demo)
PSD000000192;IN-192;PASE (demo)
PSD000000193;IN-193;PASE (demo)
PSD000000194;IN-194;PASE (demo)
PSD000000195;IN-195;PASE (demo)
PSD000000196;IN-196;PASE (demo)
PSD000000197;IN-197;PASE (demo)
PSD000000198;IN-198;PASE (demo)
PSD000000199;IN-199;PASE (demo)
PSD000000200;IN-200;PASE (demo)
PSD000000201;IN-201;PASE (demo)
PSD000000202;IN-202;PASE (demo)
PSD000000203;IN-203;PASE (demo)
PSD000000204;IN-204;PASE (demo)
PSD000000205;IN-205;PASE (demo)
PSD000000206;IN-206;PASE (demo)
PSD000000207;IN-207;PASE (demo)
PSD000000208;IN-208;PASE (demo)
PSD000000209;IN-209;PASE (demo)
PSD000000210;IN-210;PASE (demo)
PSD000000211;IN-211;PASE (demo)
PSD000000212;IN-212;PASE (demo)
PSD000000213;IN-213;PASE (demo)
PSD000000214;IN-214;PASE (demo)
PSD000000215;IN-215;PASE (demo)
PSD000000216;IN-216;PASE (demo)
PSD000000217;IN-217;PASE (demo)
PSD000000218;IN-218;PASE (demo)
PSD000000219;IN-219;PASE (demo)
PSD000000220;IN-220;PASE (demo)
PSD000000221;IN-221;PASE (demo)
PSD000000222;IN-222;PASE (demo)
PSD000000223;IN-223;PASE (demo)
PSD000000224;IN-224;PASE (demo)
PSD000000225;IN-225;PASE (demo)
PSD000000226;IN-226;PASE (demo)
PSD000000227;IN-227;PASE (demo)
PSD000000228;IN-228;PASE (demo)
PSD000000229;IN-229;PASE (demo)
PSD000000230;IN-230;PASE (demo)
PSD000000231;IN-231;PASE (demo)
PSD000000232;IN-232;PASE (demo)
PSD000000233;IN-233;PASE (demo)
PSD000000234;IN-234;PASE (demo)
PSD000000235;IN-235;PASE (demo)
PSD000000236;IN-236;PASE (demo)
PSD000000237;IN-237;PASE (demo)
PSD000000238;IN-238;PASE (demo)
PSD000000239;IN-239;PASE (demo)
PSD000000240;IN-240;PASE (demo)
PSD000000241;IN-241;PASE (demo)
PSD000000242;IN-242;PASE (demo)
PSD000000243;IN-243;PASE (demo)
PSD000000244;IN-244;PASE (demo)
PSD000000245;IN-245;PASE (demo)
PSD000000246;IN-246;PASE (demo)
PSD000000247;IN-247;PASE (demo)
PSD000000248;IN-248;PASE (demo)
PSD000000249;IN-249;PASE (demo)
PSD000000250;IN-250;PASE (demo)
