clave,cliente,convenio,origen,destino,categoria,momento,orden,texto,tarifa_modo,tarifa_precio,requisitos_cobro
conv-c01,Electrónica Ficticia de Occidente,Electrónica Ficticia de Occidente: Planta El Salto → Planta Apodaca,"Planta El Salto, El Salto, JAL","Planta Apodaca, Apodaca, NL",puerta,ambos,1,"Entrar a Planta El Salto por la puerta 1 de la calle lateral, no por la entrada principal.",por_km,41.00,Remisión sellada|Carta Porte timbrada|Orden de compra del cliente
conv-c01,Electrónica Ficticia de Occidente,Electrónica Ficticia de Occidente: Planta El Salto → Planta Apodaca,"Planta El Salto, El Salto, JAL","Planta Apodaca, Apodaca, NL",reportarse,acercamiento,2,Reportarse en vigilancia con la carta porte impresa y pedir pase a andén (contacto ficticio de demo).,por_km,41.00,Remisión sellada|Carta Porte timbrada|Orden de compra del cliente
conv-c01,Electrónica Ficticia de Occidente,Electrónica Ficticia de Occidente: Planta El Salto → Planta Apodaca,"Planta El Salto, El Salto, JAL","Planta Apodaca, Apodaca, NL",peculiaridad,acercamiento,3,"No se permite descargar con lluvia sin lona; el patio de maniobras no admite teléfonos en mano.",por_km,41.00,Remisión sellada|Carta Porte timbrada|Orden de compra del cliente
conv-c01,Electrónica Ficticia de Occidente,Electrónica Ficticia de Occidente: Planta El Salto → Planta Apodaca,"Planta El Salto, El Salto, JAL","Planta Apodaca, Apodaca, NL",documentos,despacho,4,"Llevar remisión por triplicado y copia de la Carta Porte; el recibo sellado es requisito de cobro.",por_km,41.00,Remisión sellada|Carta Porte timbrada|Orden de compra del cliente
conv-c01,Electrónica Ficticia de Occidente,Electrónica Ficticia de Occidente: Planta El Salto → Planta Apodaca,"Planta El Salto, El Salto, JAL","Planta Apodaca, Apodaca, NL",horario,despacho,5,"Recibo de 06:00 a 14:00 de lunes a sábado; fuera de horario la unidad espera en el patio del cliente.",por_km,41.00,Remisión sellada|Carta Porte timbrada|Orden de compra del cliente
conv-c01,Electrónica Ficticia de Occidente,Electrónica Ficticia de Occidente: Planta El Salto → Planta Apodaca,"Planta El Salto, El Salto, JAL","Planta Apodaca, Apodaca, NL",seguridad,ambos,6,"Candado de sello obligatorio; fotografiar el sello al llegar y al salir.",por_km,41.00,Remisión sellada|Carta Porte timbrada|Orden de compra del cliente
conv-c02,Lácteos Ficticios de Jalisco,Lácteos Ficticios de Jalisco: CEDIS Tlaquepaque → Planta Acero Saltillo,"CEDIS Tlaquepaque, Tlaquepaque, JAL","Planta Acero Saltillo, Saltillo, COAH",puerta,ambos,1,"Entrar a CEDIS Tlaquepaque por la puerta 3 de la calle lateral, no por la entrada principal.",por_tonelada,683.00,Remisión sellada|Carta Porte timbrada|Orden de compra del cliente
conv-c02,Lácteos Ficticios de Jalisco,Lácteos Ficticios de Jalisco: CEDIS Tlaquepaque → Planta Acero Saltillo,"CEDIS Tlaquepaque, Tlaquepaque, JAL","Planta Acero Saltillo, Saltillo, COAH",reportarse,acercamiento,2,Reportarse en vigilancia con la carta porte impresa y pedir pase a andén (contacto ficticio de demo).,por_tonelada,683.00,Remisión sellada|Carta Porte timbrada|Orden de compra del cliente
conv-c02,Lácteos Ficticios de Jalisco,Lácteos Ficticios de Jalisco: CEDIS Tlaquepaque → Planta Acero Saltillo,"CEDIS Tlaquepaque, Tlaquepaque, JAL","Planta Acero Saltillo, Saltillo, COAH",peculiaridad,acercamiento,3,"No se permite descargar con lluvia sin lona; el patio de maniobras no admite teléfonos en mano.",por_tonelada,683.00,Remisión sellada|Carta Porte timbrada|Orden de compra del cliente
conv-c02,Lácteos Ficticios de Jalisco,Lácteos Ficticios de Jalisco: CEDIS Tlaquepaque → Planta Acero Saltillo,"CEDIS Tlaquepaque, Tlaquepaque, JAL","Planta Acero Saltillo, Saltillo, COAH",documentos,despacho,4,"Llevar remisión por triplicado y copia de la Carta Porte; el recibo sellado es requisito de cobro.",por_tonelada,683.00,Remisión sellada|Carta Porte timbrada|Orden de compra del cliente
conv-c02,Lácteos Ficticios de Jalisco,Lácteos Ficticios de Jalisco: CEDIS Tlaquepaque → Planta Acero Saltillo,"CEDIS Tlaquepaque, Tlaquepaque, JAL","Planta Acero Saltillo, Saltillo, COAH",horario,despacho,5,"Recibo de 06:00 a 14:00 de lunes a sábado; fuera de horario la unidad espera en el patio del cliente.",por_tonelada,683.00,Remisión sellada|Carta Porte timbrada|Orden de compra del cliente
conv-c02,Lácteos Ficticios de Jalisco,Lácteos Ficticios de Jalisco: CEDIS Tlaquepaque → Planta Acero Saltillo,"CEDIS Tlaquepaque, Tlaquepaque, JAL","Planta Acero Saltillo, Saltillo, COAH",seguridad,ambos,6,"Candado de sello obligatorio; fotografiar el sello al llegar y al salir.",por_tonelada,683.00,Remisión sellada|Carta Porte timbrada|Orden de compra del cliente
conv-c03,Alimentos Ficticios de los Altos,Alimentos Ficticios de los Altos: Planta Lagos de Moreno → Planta Silao,"Planta Lagos de Moreno, Lagos de Moreno, JAL","Planta Silao, Silao, GTO",puerta,ambos,1,"Entrar a Planta Lagos de Moreno por la puerta 5 de la calle lateral, no por la entrada principal.",por_tonelada,831.00,Remisión sellada|Carta Porte timbrada|Orden de compra del cliente
conv-c03,Alimentos Ficticios de los Altos,Alimentos Ficticios de los Altos: Planta Lagos de Moreno → Planta Silao,"Planta Lagos de Moreno, Lagos de Moreno, JAL","Planta Silao, Silao, GTO",reportarse,acercamiento,2,Reportarse en vigilancia con la carta porte impresa y pedir pase a andén (contacto ficticio de demo).,por_tonelada,831.00,Remisión sellada|Carta Porte timbrada|Orden de compra del cliente
conv-c03,Alimentos Ficticios de los Altos,Alimentos Ficticios de los Altos: Planta Lagos de Moreno → Planta Silao,"Planta Lagos de Moreno, Lagos de Moreno, JAL","Planta Silao, Silao, GTO",peculiaridad,acercamiento,3,"No se permite descargar con lluvia sin lona; el patio de maniobras no admite teléfonos en mano.",por_tonelada,831.00,Remisión sellada|Carta Porte timbrada|Orden de compra del cliente
conv-c03,Alimentos Ficticios de los Altos,Alimentos Ficticios de los Altos: Planta Lagos de Moreno → Planta Silao,"Planta Lagos de Moreno, Lagos de Moreno, JAL","Planta Silao, Silao, GTO",documentos,despacho,4,"Llevar remisión por triplicado y copia de la Carta Porte; el recibo sellado es requisito de cobro.",por_tonelada,831.00,Remisión sellada|Carta Porte timbrada|Orden de compra del cliente
conv-c03,Alimentos Ficticios de los Altos,Alimentos Ficticios de los Altos: Planta Lagos de Moreno → Planta Silao,"Planta Lagos de Moreno, Lagos de Moreno, JAL","Planta Silao, Silao, GTO",horario,despacho,5,"Recibo de 06:00 a 14:00 de lunes a sábado; fuera de horario la unidad espera en el patio del cliente.",por_tonelada,831.00,Remisión sellada|Carta Porte timbrada|Orden de compra del cliente
conv-c03,Alimentos Ficticios de los Altos,Alimentos Ficticios de los Altos: Planta Lagos de Moreno → Planta Silao,"Planta Lagos de Moreno, Lagos de Moreno, JAL","Planta Silao, Silao, GTO",seguridad,ambos,6,"Candado de sello obligatorio; fotografiar el sello al llegar y al salir.",por_tonelada,831.00,Remisión sellada|Carta Porte timbrada|Orden de compra del cliente
conv-c04,Calzado Ficticio de León,Calzado Ficticio de León: Bodega León → Planta Química SLP,"Bodega León, León, GTO","Planta Química SLP, San Luis Potosí, SLP",puerta,ambos,1,"Entrar a Bodega León por la puerta 1 de la calle lateral, no por la entrada principal.",por_km,39.00,Remisión sellada|Carta Porte timbrada|Orden de compra del cliente
conv-c04,Calzado Ficticio de León,Calzado Ficticio de León: Bodega León → Planta Química SLP,"Bodega León, León, GTO","Planta Química SLP, San Luis Potosí, SLP",reportarse,acercamiento,2,Reportarse en vigilancia con la carta porte impresa y pedir pase a andén (contacto ficticio de demo).,por_km,39.00,Remisión sellada|Carta Porte timbrada|Orden de compra del cliente
conv-c04,Calzado Ficticio de León,Calzado Ficticio de León: Bodega León → Planta Química SLP,"Bodega León, León, GTO","Planta Química SLP, San Luis Potosí, SLP",peculiaridad,acercamiento,3,"No se permite descargar con lluvia sin lona; el patio de maniobras no admite teléfonos en mano.",por_km,39.00,Remisión sellada|Carta Porte timbrada|Orden de compra del cliente
conv-c04,Calzado Ficticio de León,Calzado Ficticio de León: Bodega León → Planta Química SLP,"Bodega León, León, GTO","Planta Química SLP, San Luis Potosí, SLP",documentos,despacho,4,"Llevar remisión por triplicado y copia de la Carta Porte; el recibo sellado es requisito de cobro.",por_km,39.00,Remisión sellada|Carta Porte timbrada|Orden de compra del cliente
conv-c04,Calzado Ficticio de León,Calzado Ficticio de León: Bodega León → Planta Química SLP,"Bodega León, León, GTO","Planta Química SLP, San Luis Potosí, SLP",horario,despacho,5,"Recibo de 06:00 a 14:00 de lunes a sábado; fuera de horario la unidad espera en el patio del cliente.",por_km,39.00,Remisión sellada|Carta Porte timbrada|Orden de compra del cliente
conv-c04,Calzado Ficticio de León,Calzado Ficticio de León: Bodega León → Planta Química SLP,"Bodega León, León, GTO","Planta Química SLP, San Luis Potosí, SLP",seguridad,ambos,6,"Candado de sello obligatorio; fotografiar el sello al llegar y al salir.",por_km,39.00,Remisión sellada|Carta Porte timbrada|Orden de compra del cliente
conv-c05,Autopartes Ficticias del Bajío,Autopartes Ficticias del Bajío: Planta Silao → Bodega Escobedo,"Planta Silao, Silao, GTO","Bodega Escobedo, General Escobedo, NL",puerta,ambos,1,"Entrar a Planta Silao por la puerta 3 de la calle lateral, no por la entrada principal.",por_viaje,21565.00,Remisión sellada|Carta Porte timbrada|Orden de compra del cliente
conv-c05,Autopartes Ficticias del Bajío,Autopartes Ficticias del Bajío: Planta Silao → Bodega Escobedo,"Planta Silao, Silao, GTO","Bodega Escobedo, General Escobedo, NL",reportarse,acercamiento,2,Reportarse en vigilancia con la carta porte impresa y pedir pase a andén (contacto ficticio de demo).,por_viaje,21565.00,Remisión sellada|Carta Porte timbrada|Orden de compra del cliente
conv-c05,Autopartes Ficticias del Bajío,Autopartes Ficticias del Bajío: Planta Silao → Bodega Escobedo,"Planta Silao, Silao, GTO","Bodega Escobedo, General Escobedo, NL",peculiaridad,acercamiento,3,"No se permite descargar con lluvia sin lona; el patio de maniobras no admite teléfonos en mano.",por_viaje,21565.00,Remisión sellada|Carta Porte timbrada|Orden de compra del cliente
conv-c05,Autopartes Ficticias del Bajío,Autopartes Ficticias del Bajío: Planta Silao → Bodega Escobedo,"Planta Silao, Silao, GTO","Bodega Escobedo, General Escobedo, NL",documentos,despacho,4,"Llevar remisión por triplicado y copia de la Carta Porte; el recibo sellado es requisito de cobro.",por_viaje,21565.00,Remisión sellada|Carta Porte timbrada|Orden de compra del cliente
conv-c05,Autopartes Ficticias del Bajío,Autopartes Ficticias del Bajío: Planta Silao → Bodega Escobedo,"Planta Silao, Silao, GTO","Bodega Escobedo, General Escobedo, NL",horario,despacho,5,"Recibo de 06:00 a 14:00 de lunes a sábado; fuera de horario la unidad espera en el patio del cliente.",por_viaje,21565.00,Remisión sellada|Carta Porte timbrada|Orden de compra del cliente
conv-c05,Autopartes Ficticias del Bajío,Autopartes Ficticias del Bajío: Planta Silao → Bodega Escobedo,"Planta Silao, Silao, GTO","Bodega Escobedo, General Escobedo, NL",seguridad,ambos,6,"Candado de sello obligatorio; fotografiar el sello al llegar y al salir.",por_viaje,21565.00,Remisión sellada|Carta Porte timbrada|Orden de compra del cliente
conv-c06,Ensambladora Ficticia Guanajuato,Ensambladora Ficticia Guanajuato: Puerto Seco Silao → Patio Minero Matehuala,"Puerto Seco Silao, Silao, GTO","Patio Minero Matehuala, Matehuala, SLP",puerta,ambos,1,"Entrar a Puerto Seco Silao por la puerta 3 de la calle lateral, no por la entrada principal.",por_km,39.00,Remisión sellada|Carta Porte timbrada|Orden de compra del cliente
conv-c06,Ensambladora Ficticia Guanajuato,Ensambladora Ficticia Guanajuato: Puerto Seco Silao → Patio Minero Matehuala,"Puerto Seco Silao, Silao, GTO","Patio Minero Matehuala, Matehuala, SLP",reportarse,acercamiento,2,Reportarse en vigilancia con la carta porte impresa y pedir pase a andén (contacto ficticio de demo).,por_km,39.00,Remisión sellada|Carta Porte timbrada|Orden de compra del cliente
conv-c06,Ensambladora Ficticia Guanajuato,Ensambladora Ficticia Guanajuato: Puerto Seco Silao → Patio Minero Matehuala,"Puerto Seco Silao, Silao, GTO","Patio Minero Matehuala, Matehuala, SLP",peculiaridad,acercamiento,3,"No se permite descargar con lluvia sin lona; el patio de maniobras no admite teléfonos en mano.",por_km,39.00,Remisión sellada|Carta Porte timbrada|Orden de compra del cliente
conv-c06,Ensambladora Ficticia Guanajuato,Ensambladora Ficticia Guanajuato: Puerto Seco Silao → Patio Minero Matehuala,"Puerto Seco Silao, Silao, GTO","Patio Minero Matehuala, Matehuala, SLP",documentos,despacho,4,"Llevar remisión por triplicado y copia de la Carta Porte; el recibo sellado es requisito de cobro.",por_km,39.00,Remisión sellada|Carta Porte timbrada|Orden de compra del cliente
conv-c06,Ensambladora Ficticia Guanajuato,Ensambladora Ficticia Guanajuato: Puerto Seco Silao → Patio Minero Matehuala,"Puerto Seco Silao, Silao, GTO","Patio Minero Matehuala, Matehuala, SLP",horario,despacho,5,"Recibo de 06:00 a 14:00 de lunes a sábado; fuera de horario la unidad espera en el patio del cliente.",por_km,39.00,Remisión sellada|Carta Porte timbrada|Orden de compra del cliente
conv-c06,Ensambladora Ficticia Guanajuato,Ensambladora Ficticia Guanajuato: Puerto Seco Silao → Patio Minero Matehuala,"Puerto Seco Silao, Silao, GTO","Patio Minero Matehuala, Matehuala, SLP",seguridad,ambos,6,"Candado de sello obligatorio; fotografiar el sello al llegar y al salir.",por_km,39.00,Remisión sellada|Carta Porte timbrada|Orden de compra del cliente
conv-c07,Químicos Ficticios del Centro,Químicos Ficticios del Centro: Planta Química SLP → CEDIS Tlaquepaque,"Planta Química SLP, San Luis Potosí, SLP","CEDIS Tlaquepaque, Tlaquepaque, JAL",puerta,ambos,1,"Entrar a Planta Química SLP por la puerta 4 de la calle lateral, no por la entrada principal.",por_km,33.00,Remisión sellada|Carta Porte timbrada|Orden de compra del cliente
conv-c07,Químicos Ficticios del Centro,Químicos Ficticios del Centro: Planta Química SLP → CEDIS Tlaquepaque,"Planta Química SLP, San Luis Potosí, SLP","CEDIS Tlaquepaque, Tlaquepaque, JAL",reportarse,acercamiento,2,Reportarse en vigilancia con la carta porte impresa y pedir pase a andén (contacto ficticio de demo).,por_km,33.00,Remisión sellada|Carta Porte timbrada|Orden de compra del cliente
conv-c07,Químicos Ficticios del Centro,Químicos Ficticios del Centro: Planta Química SLP → CEDIS Tlaquepaque,"Planta Química SLP, San Luis Potosí, SLP","CEDIS Tlaquepaque, Tlaquepaque, JAL",peculiaridad,acercamiento,3,"No se permite descargar con lluvia sin lona; el patio de maniobras no admite teléfonos en mano.",por_km,33.00,Remisión sellada|Carta Porte timbrada|Orden de compra del cliente
conv-c07,Químicos Ficticios del Centro,Químicos Ficticios del Centro: Planta Química SLP → CEDIS Tlaquepaque,"Planta Química SLP, San Luis Potosí, SLP","CEDIS Tlaquepaque, Tlaquepaque, JAL",documentos,despacho,4,"Llevar remisión por triplicado y copia de la Carta Porte; el recibo sellado es requisito de cobro.",por_km,33.00,Remisión sellada|Carta Porte timbrada|Orden de compra del cliente
conv-c07,Químicos Ficticios del Centro,Químicos Ficticios del Centro: Planta Química SLP → CEDIS Tlaquepaque,"Planta Química SLP, San Luis Potosí, SLP","CEDIS Tlaquepaque, Tlaquepaque, JAL",horario,despacho,5,"Recibo de 06:00 a 14:00 de lunes a sábado; fuera de horario la unidad espera en el patio del cliente.",por_km,33.00,Remisión sellada|Carta Porte timbrada|Orden de compra del cliente
conv-c07,Químicos Ficticios del Centro,Químicos Ficticios del Centro: Planta Química SLP → CEDIS Tlaquepaque,"Planta Química SLP, San Luis Potosí, SLP","CEDIS Tlaquepaque, Tlaquepaque, JAL",seguridad,ambos,6,"Candado de sello obligatorio; fotografiar el sello al llegar y al salir.",por_km,33.00,Remisión sellada|Carta Porte timbrada|Orden de compra del cliente
conv-c08,Envases Ficticios Potosinos,Envases Ficticios Potosinos: Planta Envases SLP → Planta Apodaca,"Planta Envases SLP, San Luis Potosí, SLP","Planta Apodaca, Apodaca, NL",puerta,ambos,1,"Entrar a Planta Envases SLP por la puerta 5 de la calle lateral, no por la entrada principal.",por_viaje,17449.00,Remisión sellada|Carta Porte timbrada|Orden de compra del cliente
conv-c08,Envases Ficticios Potosinos,Envases Ficticios Potosinos: Planta Envases SLP → Planta Apodaca,"Planta Envases SLP, San Luis Potosí, SLP","Planta Apodaca, Apodaca, NL",reportarse,acercamiento,2,Reportarse en vigilancia con la carta porte impresa y pedir pase a andén (contacto ficticio de demo).,por_viaje,17449.00,Remisión sellada|Carta Porte timbrada|Orden de compra del cliente
conv-c08,Envases Ficticios Potosinos,Envases Ficticios Potosinos: Planta Envases SLP → Planta Apodaca,"Planta Envases SLP, San Luis Potosí, SLP","Planta Apodaca, Apodaca, NL",peculiaridad,acercamiento,3,"No se permite descargar con lluvia sin lona; el patio de maniobras no admite teléfonos en mano.",por_viaje,17449.00,Remisión sellada|Carta Porte timbrada|Orden de compra del cliente
conv-c08,Envases Ficticios Potosinos,Envases Ficticios Potosinos: Planta Envases SLP → Planta Apodaca,"Planta Envases SLP, San Luis Potosí, SLP","Planta Apodaca, Apodaca, NL",documentos,despacho,4,"Llevar remisión por triplicado y copia de la Carta Porte; el recibo sellado es requisito de cobro.",por_viaje,17449.00,Remisión sellada|Carta Porte timbrada|Orden de compra del cliente
conv-c08,Envases Ficticios Potosinos,Envases Ficticios Potosinos: Planta Envases SLP → Planta Apodaca,"Planta Envases SLP, San Luis Potosí, SLP","Planta Apodaca, Apodaca, NL",horario,despacho,5,"Recibo de 06:00 a 14:00 de lunes a sábado; fuera de horario la unidad espera en el patio del cliente.",por_viaje,17449.00,Remisión sellada|Carta Porte timbrada|Orden de compra del cliente
conv-c08,Envases Ficticios Potosinos,Envases Ficticios Potosinos: Planta Envases SLP → Planta Apodaca,"Planta Envases SLP, San Luis Potosí, SLP","Planta Apodaca, Apodaca, NL",seguridad,ambos,6,"Candado de sello obligatorio; fotografiar el sello al llegar y al salir.",por_viaje,17449.00,Remisión sellada|Carta Porte timbrada|Orden de compra del cliente
conv-c09,Minerales Ficticios del Altiplano,Minerales Ficticios del Altiplano: Patio Minero Matehuala → CEDIS Apodaca Norte,"Patio Minero Matehuala, Matehuala, SLP","CEDIS Apodaca Norte, Apodaca, NL",puerta,ambos,1,"Entrar a Patio Minero Matehuala por la puerta 3 de la calle lateral, no por la entrada principal.",por_viaje,14413.00,Remisión sellada|Carta Porte timbrada|Orden de compra del cliente
conv-c09,Minerales Ficticios del Altiplano,Minerales Ficticios del Altiplano: Patio Minero Matehuala → CEDIS Apodaca Norte,"Patio Minero Matehuala, Matehuala, SLP","CEDIS Apodaca Norte, Apodaca, NL",reportarse,acercamiento,2,Reportarse en vigilancia con la carta porte impresa y pedir pase a andén (contacto ficticio de demo).,por_viaje,14413.00,Remisión sellada|Carta Porte timbrada|Orden de compra del cliente
conv-c09,Minerales Ficticios del Altiplano,Minerales Ficticios del Altiplano: Patio Minero Matehuala → CEDIS Apodaca Norte,"Patio Minero Matehuala, Matehuala, SLP","CEDIS Apodaca Norte, Apodaca, NL",peculiaridad,acercamiento,3,"No se permite descargar con lluvia sin lona; el patio de maniobras no admite teléfonos en mano.",por_viaje,14413.00,Remisión sellada|Carta Porte timbrada|Orden de compra del cliente
conv-c09,Minerales Ficticios del Altiplano,Minerales Ficticios del Altiplano: Patio Minero Matehuala → CEDIS Apodaca Norte,"Patio Minero Matehuala, Matehuala, SLP","CEDIS Apodaca Norte, Apodaca, NL",documentos,despacho,4,"Llevar remisión por triplicado y copia de la Carta Porte; el recibo sellado es requisito de cobro.",por_viaje,14413.00,Remisión sellada|Carta Porte timbrada|Orden de compra del cliente
conv-c09,Minerales Ficticios del Altiplano,Minerales Ficticios del Altiplano: Patio Minero Matehuala → CEDIS Apodaca Norte,"Patio Minero Matehuala, Matehuala, SLP","CEDIS Apodaca Norte, Apodaca, NL",horario,despacho,5,"Recibo de 06:00 a 14:00 de lunes a sábado; fuera de horario la unidad espera en el patio del cliente.",por_viaje,14413.00,Remisión sellada|Carta Porte timbrada|Orden de compra del cliente
conv-c09,Minerales Ficticios del Altiplano,Minerales Ficticios del Altiplano: Patio Minero Matehuala → CEDIS Apodaca Norte,"Patio Minero Matehuala, Matehuala, SLP","CEDIS Apodaca Norte, Apodaca, NL",seguridad,ambos,6,"Candado de sello obligatorio; fotografiar el sello al llegar y al salir.",por_viaje,14413.00,Remisión sellada|Carta Porte timbrada|Orden de compra del cliente
conv-c10,Armadora Ficticia Ramos Arizpe,Armadora Ficticia Ramos Arizpe: Planta Ramos Arizpe → Planta Química SLP,"Planta Ramos Arizpe, Ramos Arizpe, COAH","Planta Química SLP, San Luis Potosí, SLP",puerta,ambos,1,"Entrar a Planta Ramos Arizpe por la puerta 5 de la calle lateral, no por la entrada principal.",por_tonelada,737.00,Remisión sellada|Carta Porte timbrada|Orden de compra del cliente
conv-c10,Armadora Ficticia Ramos Arizpe,Armadora Ficticia Ramos Arizpe: Planta Ramos Arizpe → Planta Química SLP,"Planta Ramos Arizpe, Ramos Arizpe, COAH","Planta Química SLP, San Luis Potosí, SLP",reportarse,acercamiento,2,Reportarse en vigilancia con la carta porte impresa y pedir pase a andén (contacto ficticio de demo).,por_tonelada,737.00,Remisión sellada|Carta Porte timbrada|Orden de compra del cliente
conv-c10,Armadora Ficticia Ramos Arizpe,Armadora Ficticia Ramos Arizpe: Planta Ramos Arizpe → Planta Química SLP,"Planta Ramos Arizpe, Ramos Arizpe, COAH","Planta Química SLP, San Luis Potosí, SLP",peculiaridad,acercamiento,3,"No se permite descargar con lluvia sin lona; el patio de maniobras no admite teléfonos en mano.",por_tonelada,737.00,Remisión sellada|Carta Porte timbrada|Orden de compra del cliente
conv-c10,Armadora Ficticia Ramos Arizpe,Armadora Ficticia Ramos Arizpe: Planta Ramos Arizpe → Planta Química SLP,"Planta Ramos Arizpe, Ramos Arizpe, COAH","Planta Química SLP, San Luis Potosí, SLP",documentos,despacho,4,"Llevar remisión por triplicado y copia de la Carta Porte; el recibo sellado es requisito de cobro.",por_tonelada,737.00,Remisión sellada|Carta Porte timbrada|Orden de compra del cliente
conv-c10,Armadora Ficticia Ramos Arizpe,Armadora Ficticia Ramos Arizpe: Planta Ramos Arizpe → Planta Química SLP,"Planta Ramos Arizpe, Ramos Arizpe, COAH","Planta Química SLP, San Luis Potosí, SLP",horario,despacho,5,"Recibo de 06:00 a 14:00 de lunes a sábado; fuera de horario la unidad espera en el patio del cliente.",por_tonelada,737.00,Remisión sellada|Carta Porte timbrada|Orden de compra del cliente
conv-c10,Armadora Ficticia Ramos Arizpe,Armadora Ficticia Ramos Arizpe: Planta Ramos Arizpe → Planta Química SLP,"Planta Ramos Arizpe, Ramos Arizpe, COAH","Planta Química SLP, San Luis Potosí, SLP",seguridad,ambos,6,"Candado de sello obligatorio; fotografiar el sello al llegar y al salir.",por_tonelada,737.00,Remisión sellada|Carta Porte timbrada|Orden de compra del cliente
conv-c11,Acero Ficticio de Coahuila,Acero Ficticio de Coahuila: Planta Acero Saltillo → Planta El Salto,"Planta Acero Saltillo, Saltillo, COAH","Planta El Salto, El Salto, JAL",puerta,ambos,1,"Entrar a Planta Acero Saltillo por la puerta 4 de la calle lateral, no por la entrada principal.",por_viaje,14401.00,Remisión sellada|Carta Porte timbrada|Orden de compra del cliente
conv-c11,Acero Ficticio de Coahuila,Acero Ficticio de Coahuila: Planta Acero Saltillo → Planta El Salto,"Planta Acero Saltillo, Saltillo, COAH","Planta El Salto, El Salto, JAL",reportarse,acercamiento,2,Reportarse en vigilancia con la carta porte impresa y pedir pase a andén (contacto ficticio de demo).,por_viaje,14401.00,Remisión sellada|Carta Porte timbrada|Orden de compra del cliente
conv-c11,Acero Ficticio de Coahuila,Acero Ficticio de Coahuila: Planta Acero Saltillo → Planta El Salto,"Planta Acero Saltillo, Saltillo, COAH","Planta El Salto, El Salto, JAL",peculiaridad,acercamiento,3,"No se permite descargar con lluvia sin lona; el patio de maniobras no admite teléfonos en mano.",por_viaje,14401.00,Remisión sellada|Carta Porte timbrada|Orden de compra del cliente
conv-c11,Acero Ficticio de Coahuila,Acero Ficticio de Coahuila: Planta Acero Saltillo → Planta El Salto,"Planta Acero Saltillo, Saltillo, COAH","Planta El Salto, El Salto, JAL",documentos,despacho,4,"Llevar remisión por triplicado y copia de la Carta Porte; el recibo sellado es requisito de cobro.",por_viaje,14401.00,Remisión sellada|Carta Porte timbrada|Orden de compra del cliente
conv-c11,Acero Ficticio de Coahuila,Acero Ficticio de Coahuila: Planta Acero Saltillo → Planta El Salto,"Planta Acero Saltillo, Saltillo, COAH","Planta El Salto, El Salto, JAL",horario,despacho,5,"Recibo de 06:00 a 14:00 de lunes a sábado; fuera de horario la unidad espera en el patio del cliente.",por_viaje,14401.00,Remisión sellada|Carta Porte timbrada|Orden de compra del cliente
conv-c11,Acero Ficticio de Coahuila,Acero Ficticio de Coahuila: Planta Acero Saltillo → Planta El Salto,"Planta Acero Saltillo, Saltillo, COAH","Planta El Salto, El Salto, JAL",seguridad,ambos,6,"Candado de sello obligatorio; fotografiar el sello al llegar y al salir.",por_viaje,14401.00,Remisión sellada|Carta Porte timbrada|Orden de compra del cliente
conv-c12,Cervecería Ficticia del Norte,Cervecería Ficticia del Norte: CEDIS Apodaca Norte → Puerto Seco Silao,"CEDIS Apodaca Norte, Apodaca, NL","Puerto Seco Silao, Silao, GTO",puerta,ambos,1,"Entrar a CEDIS Apodaca Norte por la puerta 6 de la calle lateral, no por la entrada principal.",por_tonelada,830.00,Remisión sellada|Carta Porte timbrada|Orden de compra del cliente
conv-c12,Cervecería Ficticia del Norte,Cervecería Ficticia del Norte: CEDIS Apodaca Norte → Puerto Seco Silao,"CEDIS Apodaca Norte, Apodaca, NL","Puerto Seco Silao, Silao, GTO",reportarse,acercamiento,2,Reportarse en vigilancia con la carta porte impresa y pedir pase a andén (contacto ficticio de demo).,por_tonelada,830.00,Remisión sellada|Carta Porte timbrada|Orden de compra del cliente
conv-c12,Cervecería Ficticia del Norte,Cervecería Ficticia del Norte: CEDIS Apodaca Norte → Puerto Seco Silao,"CEDIS Apodaca Norte, Apodaca, NL","Puerto Seco Silao, Silao, GTO",peculiaridad,acercamiento,3,"No se permite descargar con lluvia sin lona; el patio de maniobras no admite teléfonos en mano.",por_tonelada,830.00,Remisión sellada|Carta Porte timbrada|Orden de compra del cliente
conv-c12,Cervecería Ficticia del Norte,Cervecería Ficticia del Norte: CEDIS Apodaca Norte → Puerto Seco Silao,"CEDIS Apodaca Norte, Apodaca, NL","Puerto Seco Silao, Silao, GTO",documentos,despacho,4,"Llevar remisión por triplicado y copia de la Carta Porte; el recibo sellado es requisito de cobro.",por_tonelada,830.00,Remisión sellada|Carta Porte timbrada|Orden de compra del cliente
conv-c12,Cervecería Ficticia del Norte,Cervecería Ficticia del Norte: CEDIS Apodaca Norte → Puerto Seco Silao,"CEDIS Apodaca Norte, Apodaca, NL","Puerto Seco Silao, Silao, GTO",horario,despacho,5,"Recibo de 06:00 a 14:00 de lunes a sábado; fuera de horario la unidad espera en el patio del cliente.",por_tonelada,830.00,Remisión sellada|Carta Porte timbrada|Orden de compra del cliente
conv-c12,Cervecería Ficticia del Norte,Cervecería Ficticia del Norte: CEDIS Apodaca Norte → Puerto Seco Silao,"CEDIS Apodaca Norte, Apodaca, NL","Puerto Seco Silao, Silao, GTO",seguridad,ambos,6,"Candado de sello obligatorio; fotografiar el sello al llegar y al salir.",por_tonelada,830.00,Remisión sellada|Carta Porte timbrada|Orden de compra del cliente
conv-c13,Electrodomésticos Ficticios Apodaca,Electrodomésticos Ficticios Apodaca: Planta Apodaca → Puerto Seco Silao,"Planta Apodaca, Apodaca, NL","Puerto Seco Silao, Silao, GTO",puerta,ambos,1,"Entrar a Planta Apodaca por la puerta 2 de la calle lateral, no por la entrada principal.",por_viaje,18185.00,Remisión sellada|Carta Porte timbrada|Orden de compra del cliente
conv-c13,Electrodomésticos Ficticios Apodaca,Electrodomésticos Ficticios Apodaca: Planta Apodaca → Puerto Seco Silao,"Planta Apodaca, Apodaca, NL","Puerto Seco Silao, Silao, GTO",reportarse,acercamiento,2,Reportarse en vigilancia con la carta porte impresa y pedir pase a andén (contacto ficticio de demo).,por_viaje,18185.00,Remisión sellada|Carta Porte timbrada|Orden de compra del cliente
conv-c13,Electrodomésticos Ficticios Apodaca,Electrodomésticos Ficticios Apodaca: Planta Apodaca → Puerto Seco Silao,"Planta Apodaca, Apodaca, NL","Puerto Seco Silao, Silao, GTO",peculiaridad,acercamiento,3,"No se permite descargar con lluvia sin lona; el patio de maniobras no admite teléfonos en mano.",por_viaje,18185.00,Remisión sellada|Carta Porte timbrada|Orden de compra del cliente
conv-c13,Electrodomésticos Ficticios Apodaca,Electrodomésticos Ficticios Apodaca: Planta Apodaca → Puerto Seco Silao,"Planta Apodaca, Apodaca, NL","Puerto Seco Silao, Silao, GTO",documentos,despacho,4,"Llevar remisión por triplicado y copia de la Carta Porte; el recibo sellado es requisito de cobro.",por_viaje,18185.00,Remisión sellada|Carta Porte timbrada|Orden de compra del cliente
conv-c13,Electrodomésticos Ficticios Apodaca,Electrodomésticos Ficticios Apodaca: Planta Apodaca → Puerto Seco Silao,"Planta Apodaca, Apodaca, NL","Puerto Seco Silao, Silao, GTO",horario,despacho,5,"Recibo de 06:00 a 14:00 de lunes a sábado; fuera de horario la unidad espera en el patio del cliente.",por_viaje,18185.00,Remisión sellada|Carta Porte timbrada|Orden de compra del cliente
conv-c13,Electrodomésticos Ficticios Apodaca,Electrodomésticos Ficticios Apodaca: Planta Apodaca → Puerto Seco Silao,"Planta Apodaca, Apodaca, NL","Puerto Seco Silao, Silao, GTO",seguridad,ambos,6,"Candado de sello obligatorio; fotografiar el sello al llegar y al salir.",por_viaje,18185.00,Remisión sellada|Carta Porte timbrada|Orden de compra del cliente
conv-c14,Logística Ficticia Escobedo,Logística Ficticia Escobedo: Bodega Escobedo → Planta Química SLP,"Bodega Escobedo, General Escobedo, NL","Planta Química SLP, San Luis Potosí, SLP",puerta,ambos,1,"Entrar a Bodega Escobedo por la puerta 2 de la calle lateral, no por la entrada principal.",por_tonelada,906.00,Remisión sellada|Carta Porte timbrada|Orden de compra del cliente
conv-c14,Logística Ficticia Escobedo,Logística Ficticia Escobedo: Bodega Escobedo → Planta Química SLP,"Bodega Escobedo, General Escobedo, NL","Planta Química SLP, San Luis Potosí, SLP",reportarse,acercamiento,2,Reportarse en vigilancia con la carta porte impresa y pedir pase a andén (contacto ficticio de demo).,por_tonelada,906.00,Remisión sellada|Carta Porte timbrada|Orden de compra del cliente
conv-c14,Logística Ficticia Escobedo,Logística Ficticia Escobedo: Bodega Escobedo → Planta Química SLP,"Bodega Escobedo, General Escobedo, NL","Planta Química SLP, San Luis Potosí, SLP",peculiaridad,acercamiento,3,"No se permite descargar con lluvia sin lona; el patio de maniobras no admite teléfonos en mano.",por_tonelada,906.00,Remisión sellada|Carta Porte timbrada|Orden de compra del cliente
conv-c14,Logística Ficticia Escobedo,Logística Ficticia Escobedo: Bodega Escobedo → Planta Química SLP,"Bodega Escobedo, General Escobedo, NL","Planta Química SLP, San Luis Potosí, SLP",documentos,despacho,4,"Llevar remisión por triplicado y copia de la Carta Porte; el recibo sellado es requisito de cobro.",por_tonelada,906.00,Remisión sellada|Carta Porte timbrada|Orden de compra del cliente
conv-c14,Logística Ficticia Escobedo,Logística Ficticia Escobedo: Bodega Escobedo → Planta Química SLP,"Bodega Escobedo, General Escobedo, NL","Planta Química SLP, San Luis Potosí, SLP",horario,despacho,5,"Recibo de 06:00 a 14:00 de lunes a sábado; fuera de horario la unidad espera en el patio del cliente.",por_tonelada,906.00,Remisión sellada|Carta Porte timbrada|Orden de compra del cliente
conv-c14,Logística Ficticia Escobedo,Logística Ficticia Escobedo: Bodega Escobedo → Planta Química SLP,"Bodega Escobedo, General Escobedo, NL","Planta Química SLP, San Luis Potosí, SLP",seguridad,ambos,6,"Candado de sello obligatorio; fotografiar el sello al llegar y al salir.",por_tonelada,906.00,Remisión sellada|Carta Porte timbrada|Orden de compra del cliente
